AdminID,Email,Password
AD001,admin1@travelease.com,Secure@123
AD002,admin2@travelease.com,Travel@2025
AD003,admin3@travelease.com,Admin#1234
AD004,admin4@travelease.com,P@ssw0rd1
AD005,admin5@travelease.com,Winter2025!
AD006,admin6@travelease.com,Summer2025!
AD007,admin7@travelease.com,Spring2025!
AD008,admin8@travelease.com,Autumn2025!
AD009,admin9@travelease.com,Secure2025@
AD010,admin10@travelease.com,TravelEase1
AD011,admin11@travelease.com,AdminSecure1
AD012,admin12@travelease.com,P@ssword123
AD013,admin13@travelease.com,SecurePass1
AD014,admin14@travelease.com,Admin@2025
AD015,admin15@travelease.com,Travel2025#
AD016,admin16@travelease.com,Ease@2025
AD017,admin17@travelease.com,Admin123!
AD018,admin18@travelease.com,Secure123!
AD019,admin19@travelease.com,P@ss2025
AD020,admin20@travelease.com,TravelSecure1
AD021,admin21@travelease.com,AdminPass1
AD022,admin22@travelease.com,Secure@2025
AD023,admin23@travelease.com,P@ssword2025
AD024,admin24@travelease.com,Admin2025!
AD025,admin25@travelease.com,Travel@123
AD026,admin26@travelease.com,Ease2025!
AD027,admin27@travelease.com,SecurePass2025
AD028,admin28@travelease.com,P@ss1234
AD029,admin29@travelease.com,Admin@123
AD030,admin30@travelease.com,TravelSecure#
AD031,admin31@travelease.com,Secure@12345
AD032,admin32@travelease.com,P@ssword2025!
AD033,admin33@travelease.com,Admin2025#
AD034,admin34@travelease.com,TravelEase2025
AD035,admin35@travelease.com,Secure12345
AD036,admin36@travelease.com,P@ss2025!
AD037,admin37@travelease.com,Admin@2025!
AD038,admin38@travelease.com,Travel2025!
AD039,admin39@travelease.com,Secure@2025!
AD040,admin40@travelease.com,P@ssword123!
AD041,admin41@travelease.com,Admin12345
AD042,admin42@travelease.com,TravelSecure2025
AD043,admin43@travelease.com,SecurePass!
AD044,admin44@travelease.com,P@ss2025#
AD045,admin45@travelease.com,Admin@Secure1
AD046,admin46@travelease.com,TravelEase!
AD047,admin47@travelease.com,Secure123!
AD048,admin48@travelease.com,P@ssword!
AD049,admin49@travelease.com,Admin2025!
AD050,admin50@travelease.com,Travel@2025!
