BookingID,BookingDate,Status,TravelerID,TripID,PaymentID
B001,4/15/2025,Confirmed,T042,TR019,PAY045
B002,4/16/2025,Pending,T015,TR055,PAY012
B003,4/17/2025,Cancelled,T033,TR007,PAY087
B004,4/18/2025,Confirmed,T057,TR038,PAY003
B005,4/19/2025,Confirmed,T008,TR012,PAY056
B006,4/20/2025,Confirmed,T029,TR024,PAY091
B007,4/21/2025,Pending,T011,TR047,PAY034
B008,4/22/2025,Confirmed,T053,TR031,PAY078
B009,4/23/2025,Confirmed,T026,TR015,PAY022
B010,4/24/2025,Cancelled,T048,TR059,PAY065
B011,4/25/2025,Confirmed,T019,TR003,PAY099
B012,4/26/2025,Pending,T037,TR042,PAY011
B013,4/27/2025,Confirmed,T004,TR028,PAY053
B014,4/28/2025,Confirmed,T051,TR011,PAY086
B015,4/29/2025,Confirmed,T022,TR050,PAY031
B016,4/30/2025,Cancelled,T013,TR036,PAY074
B017,5/1/2025,Confirmed,T060,TR021,PAY017
B018,5/2/2025,Pending,T031,TR008,PAY088
B019,5/3/2025,Confirmed,T009,TR044,PAY042
B020,5/4/2025,Confirmed,T045,TR002,PAY095
B021,5/5/2025,Confirmed,T016,TR057,PAY023
B022,5/6/2025,Cancelled,T038,TR033,PAY060
B023,5/7/2025,Confirmed,T025,TR014,PAY008
B024,5/8/2025,Pending,T047,TR026,PAY071
B025,5/9/2025,Confirmed,T002,TR049,PAY039
B026,5/10/2025,Confirmed,T054,TR005,PAY082
B027,5/11/2025,Confirmed,T021,TR040,PAY015
B028,5/12/2025,Cancelled,T035,TR018,PAY097
B029,5/13/2025,Confirmed,T012,TR060,PAY030
B030,5/14/2025,Pending,T043,TR009,PAY063
B031,5/15/2025,Confirmed,T006,TR052,PAY006
B032,5/16/2025,Confirmed,T058,TR034,PAY089
B033,5/17/2025,Confirmed,T027,TR001,PAY052
B034,5/18/2025,Cancelled,T039,TR043,PAY025
B035,5/19/2025,Confirmed,T020,TR030,PAY068
B036,5/20/2025,Pending,T049,TR017,PAY081
B037,5/21/2025,Confirmed,T003,TR056,PAY014
B038,5/22/2025,Confirmed,T041,TR004,PAY047
B039,5/23/2025,Confirmed,T028,TR039,PAY090
B040,5/24/2025,Cancelled,T010,TR022,PAY033
B041,5/25/2025,Confirmed,T055,TR010,PAY076
B042,5/26/2025,Pending,T017,TR048,PAY019
B043,5/27/2025,Confirmed,T046,TR035,PAY062
B044,5/28/2025,Confirmed,T034,TR013,PAY005
B045,5/29/2025,Confirmed,T007,TR058,PAY098
B046,5/30/2025,Cancelled,T059,TR006,PAY041
B047,5/31/2025,Confirmed,T023,TR041,PAY084
B048,6/1/2025,Pending,T050,TR020,PAY027
B049,6/2/2025,Confirmed,T001,TR053,PAY070
B050,6/3/2025,Confirmed,T044,TR016,PAY013
B051,6/4/2025,Confirmed,T032,TR045,PAY096
B052,6/5/2025,Cancelled,T005,TR032,PAY029
B053,6/6/2025,Confirmed,T056,TR025,PAY072
B054,6/7/2025,Pending,T024,TR037,PAY055
B055,6/8/2025,Confirmed,T040,TR029,PAY018
B056,6/9/2025,Confirmed,T018,TR054,PAY061
B057,6/10/2025,Confirmed,T030,TR023,PAY004
B058,6/11/2025,Cancelled,T052,TR046,PAY037
B059,6/12/2025,Confirmed,T014,TR027,PAY080
B060,6/13/2025,Pending,T036,TR051,PAY023
B061,6/14/2025,Confirmed,T059,TR008,PAY066
B062,6/15/2025,Confirmed,T021,TR042,PAY009
B063,6/16/2025,Confirmed,T007,TR005,PAY092
B064,6/17/2025,Cancelled,T043,TR058,PAY035
B065,6/18/2025,Confirmed,T028,TR013,PAY058
B066,6/19/2025,Pending,T015,TR036,PAY021
B067,6/20/2025,Confirmed,T049,TR019,PAY094
B068,6/21/2025,Confirmed,T002,TR050,PAY057
B069,6/22/2025,Confirmed,T037,TR003,PAY020
B070,6/23/2025,Cancelled,T054,TR044,PAY043
B071,6/24/2025,Confirmed,T011,TR027,PAY086
B072,6/25/2025,Pending,T033,TR010,PAY029
B073,6/26/2025,Confirmed,T022,TR055,PAY072
B074,6/27/2025,Confirmed,T045,TR002,PAY015
B075,6/28/2025,Confirmed,T008,TR057,PAY098
B076,6/29/2025,Cancelled,T051,TR033,PAY041
B077,6/30/2025,Confirmed,T019,TR014,PAY084
B078,7/1/2025,Pending,T047,TR026,PAY027
B079,7/2/2025,Confirmed,T004,TR049,PAY060
B080,7/3/2025,Confirmed,T053,TR005,PAY003
B081,7/4/2025,Confirmed,T026,TR040,PAY096
B082,7/5/2025,Cancelled,T035,TR018,PAY039
B083,7/6/2025,Confirmed,T012,TR060,PAY082
B084,7/7/2025,Pending,T043,TR009,PAY025
B085,7/8/2025,Confirmed,T006,TR052,PAY068
B086,7/9/2025,Confirmed,T058,TR034,PAY011
B087,7/10/2025,Confirmed,T027,TR001,PAY054
B088,7/11/2025,Cancelled,T039,TR043,PAY077
B089,7/12/2025,Confirmed,T020,TR030,PAY020
B090,7/13/2025,Pending,T049,TR017,PAY063
B091,7/14/2025,Confirmed,T003,TR056,PAY006
B092,7/15/2025,Confirmed,T041,TR004,PAY089
B093,7/16/2025,Confirmed,T028,TR039,PAY032
B094,7/17/2025,Cancelled,T010,TR022,PAY075
B095,7/18/2025,Confirmed,T055,TR010,PAY018
B096,7/19/2025,Pending,T017,TR048,PAY061
B097,7/20/2025,Confirmed,T046,TR035,PAY004
B098,7/21/2025,Confirmed,T034,TR013,PAY047
B099,7/22/2025,Confirmed,T007,TR058,PAY090
B100,7/23/2025,Cancelled,T059,TR006,PAY033
