PaymentID,AmountInDollars,PaymentDate,PaymentMethod,Status
PAY001,2500,5/3/2025,Credit Card,Completed
PAY002,12000,5/18/2025,Bank Transfer,Completed
PAY003,3500,6/22/2025,Credit Card,Pending
PAY004,250000,7/11/2025,Bank Transfer,Completed
PAY005,1800,8/29/2025,Credit Card,Refunded
PAY006,450000,9/14/2025,Bank Transfer,Completed
PAY007,2800,10/7/2025,Credit Card,Completed
PAY008,3200,11/23/2025,Bank Transfer,Pending
PAY009,15000,12/5/2025,Credit Card,Completed
PAY010,300000,4/18/2025,Bank Transfer,Completed
PAY011,8000,5/30/2025,Credit Card,Completed
PAY012,2800,6/11/2025,Bank Transfer,Refunded
PAY013,180000,7/19/2025,Credit Card,Completed
PAY014,1200,8/22/2025,Bank Transfer,Completed
PAY015,2200,9/3/2025,Credit Card,Pending
PAY016,35000,10/16/2025,Bank Transfer,Completed
PAY017,25000,11/28/2025,Credit Card,Completed
PAY018,45000,12/12/2025,Bank Transfer,Completed
PAY019,4500,4/25/2025,Credit Card,Refunded
PAY020,7500,5/7/2025,Bank Transfer,Completed
PAY021,500000,6/9/2025,Credit Card,Completed
PAY022,180000,7/21/2025,Bank Transfer,Pending
PAY023,12000,8/14/2025,Credit Card,Completed
PAY024,8000,9/26/2025,Bank Transfer,Completed
PAY025,15000,10/8/2025,Credit Card,Completed
PAY026,5000,11/17/2025,Bank Transfer,Refunded
PAY027,3800,12/20/2025,Credit Card,Completed
PAY028,8500,4/9/2025,Bank Transfer,Completed
PAY029,2500,5/12/2025,Credit Card,Pending
PAY030,300000,6/24/2025,Bank Transfer,Completed
PAY031,6500,7/7/2025,Credit Card,Completed
PAY032,5000,8/19/2025,Bank Transfer,Completed
PAY033,4500,9/21/2025,Credit Card,Refunded
PAY034,25000,10/3/2025,Bank Transfer,Completed
PAY035,8500,11/15/2025,Credit Card,Completed
PAY036,12000,12/27/2025,Bank Transfer,Pending
PAY037,25000,4/8/2025,Credit Card,Completed
PAY038,6000,5/21/2025,Bank Transfer,Completed
PAY039,200000,6/13/2025,Credit Card,Completed
PAY040,150000,7/25/2025,Bank Transfer,Refunded
PAY041,25000,8/17/2025,Credit Card,Completed
PAY042,18000,9/29/2025,Bank Transfer,Completed
PAY043,7500,10/11/2025,Credit Card,Pending
PAY044,5000,11/23/2025,Bank Transfer,Completed
PAY045,3500,12/5/2025,Credit Card,Completed
PAY046,15000,4/16/2025,Bank Transfer,Completed
PAY047,12000,5/28/2025,Credit Card,Refunded
PAY048,3000,6/10/2025,Bank Transfer,Completed
PAY049,250000,7/22/2025,Credit Card,Completed
PAY050,2800,8/14/2025,Bank Transfer,Pending
PAY051,3500,9/26/2025,Credit Card,Completed
PAY052,150000,10/8/2025,Bank Transfer,Completed
PAY053,200000,11/19/2025,Credit Card,Completed
PAY054,15000,12/1/2025,Bank Transfer,Refunded
PAY055,4000,4/13/2025,Credit Card,Completed
PAY056,50000,5/25/2025,Bank Transfer,Completed
PAY057,8000,6/7/2025,Credit Card,Pending
PAY058,4500,7/19/2025,Bank Transfer,Completed
PAY059,10000,8/11/2025,Credit Card,Completed
PAY060,500000,9/23/2025,Bank Transfer,Completed
PAY061,12000,10/5/2025,Credit Card,Refunded
PAY062,3500,11/17/2025,Bank Transfer,Completed
PAY063,250000,12/29/2025,Credit Card,Completed
PAY064,1800,4/10/2025,Bank Transfer,Pending
PAY065,450000,5/22/2025,Credit Card,Completed
PAY066,2800,6/14/2025,Bank Transfer,Completed
PAY067,3200,7/26/2025,Credit Card,Completed
PAY068,15000,8/18/2025,Bank Transfer,Refunded
PAY069,300000,9/30/2025,Credit Card,Completed
PAY070,8000,10/12/2025,Bank Transfer,Completed
PAY071,2800,11/24/2025,Credit Card,Pending
PAY072,180000,12/6/2025,Bank Transfer,Completed
PAY073,1200,4/19/2025,Credit Card,Completed
PAY074,2200,5/1/2025,Bank Transfer,Completed
PAY075,35000,6/13/2025,Credit Card,Refunded
PAY076,25000,7/25/2025,Bank Transfer,Completed
PAY077,45000,8/17/2025,Credit Card,Completed
PAY078,4500,9/29/2025,Bank Transfer,Pending
PAY079,7500,10/11/2025,Credit Card,Completed
PAY080,500000,11/23/2025,Bank Transfer,Completed
PAY081,180000,12/5/2025,Credit Card,Completed
PAY082,12000,4/17/2025,Bank Transfer,Refunded
PAY083,8000,5/29/2025,Credit Card,Completed
PAY084,15000,6/11/2025,Bank Transfer,Completed
PAY085,5000,7/23/2025,Credit Card,Pending
PAY086,3800,8/15/2025,Bank Transfer,Completed
PAY087,8500,9/27/2025,Credit Card,Completed
PAY088,2500,10/9/2025,Bank Transfer,Completed
PAY089,300000,11/21/2025,Credit Card,Refunded
PAY090,6500,12/3/2025,Bank Transfer,Completed
PAY091,5000,4/14/2025,Credit Card,Completed
PAY092,4500,5/26/2025,Bank Transfer,Pending
PAY093,25000,6/8/2025,Credit Card,Completed
PAY094,8500,7/20/2025,Bank Transfer,Completed
PAY095,12000,8/12/2025,Credit Card,Completed
PAY096,25000,9/24/2025,Bank Transfer,Refunded
PAY097,6000,10/6/2025,Credit Card,Completed
PAY098,200000,11/18/2025,Bank Transfer,Completed
PAY099,150000,12/30/2025,Credit Card,Pending
PAY100,25000,4/21/2025,Bank Transfer,Completed
