TravelerID,Preference
T001,Luxury resorts
T001,Private jets
T001,Wine tasting
T001,Opera performances
T002,Beachfront villas
T002,Yacht charters
T002,Scuba diving
T003,Desert safaris
T003,Falconry
T003,Gold souk shopping
T003,Private butlers
T004,Winter palaces
T004,Ballet performances
T004,Vodka tasting
T005,Country estates
T005,Fox hunting
T005,Antique collecting
T006,Pearl diving
T006,Private dhow cruises
T006,Gold souk shopping
T007,Castle tours
T007,Classical concerts
T007,Rhine river cruises
T008,Afternoon tea
T008,Garden tours
T008,Literary landmarks
T009,Jungle resorts
T009,Water village tours
T009,Gold jewelry
T010,Tulip fields
T010,Windmill tours
T010,Diamond cutting
T011,Wine chateaux
T011,Gourmet dining
T011,Lavender fields
T012,Outback safaris
T012,Vineyard tours
T012,Opera houses
T013,Palace tours
T013,Elephant rides
T013,Spice markets
T014,Island hopping
T014,Ancient ruins
T014,Olive oil tasting
T015,Grouse shooting
T015,Whiskey distilleries
T015,Highland games
T016,Camel racing
T016,Desert camping
T016,Arabic calligraphy
T017,Opera performances
T018,Stately home tours
T018,Flower shows
T018,Hunting parties
T019,Ryokan stays
T019,Tea ceremonies
T019,Sumo wrestling
T020,Black forest hiking
T020,Christmas markets
T020,Beer festivals
T021,Dune bashing
T021,Luxury shopping
T021,Private beach clubs
T022,Faberge egg viewings
T022,Troika rides
T022,Caviar tastings
T023,Downton Abbey experiences
T023,Polo matches
T023,Garden parties
T024,Flamenco shows
T024,Paella cooking classes
T024,Bullfighting
T025,Imperial palace tours
T025,Waltz lessons
T025,Sisi museum
T026,Corgi meetups
T026,Royal memorabilia
T026,Castle stays
T027,Red sand dune adventures
T027,Bedouin camps
T027,Date farms
T028,Versailles tours
T028,Champagne tasting
T028,Haute couture
T029,Armory collections
T029,Medieval banquets
T029,Jousting
T030,Adriatic yacht charters
T030,Medieval towns
T030,Seafood feasts
T031,Burj Khalifa visits
T031,Underwater hotels
T031,Gold ATMs
T032,Gladiator school
T032,Vatican tours
T032,Designer outlets
T033,Country fairs
T033,Antique auctions
T033,Horseback riding
T034,Women-only desert retreats
T034,Henna painting
T034,Arabic poetry
T035,WWII history tours
T035,Autobahn driving
T035,Sausage making
T036,Yorkshire pudding making
T036,Bronte country
T036,Sheepdog trials
T037,Ice hotels
T037,Northern lights
T037,Viking museums
T038,Pearl diving
T038,Women's souks
T038,Arabic coffee ceremonies
T039,Tolstoy estate tours
T039,Banya experiences
T039,Matryoshka painting
T040,Cider making
T040,Cheese rolling
T040,Roman baths
T041,Falcon hospital visits
T041,Skydiving
T041,Luxury car test drives
T042,Napoleon trail
T042,Perfume making
T042,Haute couture shows
T043,Grouse shooting
T043,Whiskey tasting
T044,Mythology tours
T044,Olive oil massages
T044,Sunset cruises
T045,Heritage villages
T045,Date palm oases
T045,Traditional boats
T046,Lipizzaner stallion shows
T046,Mozart concerts
T047,Castle ghost tours
T047,Medieval banquets
T047,Archery
T048,Frankincense trail
T048,Desert star gazing
T048,Omani silver
T049,Aviation museums
T049,Autobahn driving
T049,Oktoberfest
T050,Royal mews visits
T050,State banquets
T050,Crown jewels
T051,Petra by candlelight
T051,Dead Sea floating
T051,Wadi Rum camping
T052,Habsburg crown viewings
T052,Vienna opera
T052,Sachertorte
T053,Stonehenge visits
T053,Royal warrant shops
T053,Polo matches
T054,Women-only beach clubs
T054,Arabic calligraphy
T054,Henna art
T055,Kremlin armory tours
T055,Ballet performances
T055,Caviar tastings
T056,Royal memorabilia shopping
T056,Charity events
T056,Garden tours
T057,Falconry displays
T057,Heritage tours
T057,Pearl diving
T058,Royal palace tours
T058,Flamenco dancing
T058,Sherry tasting
T059,Cambridge university tours
T059,Punting
T059,Evensong
T060,Imperial treasury visits
T060,Strauss concerts
T060,Klimt art tours
