ReviewID,Rating,Comment,Date,TravelerID,TripID,ProviderID
RV001,5,Exceptional experience at Windsor Castle,6/18/2025,T012,TR042,SP015
RV002,4,"Amazing desert safari, falconry show was spectacular",7/6/2025,T045,TR017,SP038
RV003,5,Versailles after-hours tour was worth every penny,8/13/2025,T008,TR055,SP022
RV004,5,"Faberge eggs were breathtaking, guide was extremely knowledgeable",9/11/2025,T033,TR029,SP047
RV005,4,"Highland castle stay was magical, shooting experience was unique",10/16/2025,T019,TR008,SP003
RV006,5,Authentic tea ceremony with Maiko was unforgettable,11/8/2025,T057,TR013,SP028
RV007,5,Vienna waltz concert gave me goosebumps,12/9/2025,T024,TR037,SP041
RV008,4,Tuscan wine tasting exceeded expectations,1/21/2026,T038,TR024,SP010
RV009,5,Monaco Grand Prix VIP experience was worth every euro,5/25/2026,T003,TR001,SP032
RV010,5,Felt like royalty at Umaid Bhawan Palace,10/8/2025,T051,TR046,SP005
RV011,4,Falconry lesson was educational and exciting,11/18/2025,T029,TR019,SP049
RV012,5,Loire Valley chateaux were breathtaking,4/16/2026,T014,TR003,SP017
RV013,5,Bolshoi backstage access was a dream come true,12/14/2025,T047,TR060,SP023
RV014,4,Frankincense trail was fascinating and unique,1/11/2026,T006,TR011,SP034
RV015,5,Grand Ducal Palace tour was magnificent,9/18/2025,T022,TR034,SP008
RV016,4,Junk boat dining experience was superb,2/14/2026,T035,TR026,SP012
RV017,5,Northern Lights viewing was magical,12/26/2025,T041,TR009,SP045
RV018,5,Safari experience was beyond compare,3/9/2026,T007,TR052,SP030
RV019,4,Danube cruise was relaxing and luxurious,5/21/2026,T053,TR044,SP007
RV020,5,Hawaiian luau was authentic and delicious,6/16/2026,T016,TR015,SP019
RV021,5,Trans-Siberian journey was the trip of a lifetime,7/11/2026,T060,TR038,SP002
RV022,4,Spiritual Ganges experience was moving,11/26/2025,T027,TR021,SP014
RV023,5,Private island paradise in the Bahamas,1/18/2026,T004,TR047,SP026
RV024,5,Machu Picchu at sunrise was breathtaking,4/21/2026,T048,TR004,SP039
RV025,4,Everest trek was challenging but rewarding,5/16/2026,T011,TR030,SP001
RV026,5,Amalfi villa had the most stunning views,9/18/2025,T034,TR053,SP044
RV027,5,Bordeaux wine tasting was exceptional,6/11/2026,T009,TR012,SP036
RV028,4,Silk Road monuments were fascinating,8/23/2026,T043,TR020,SP009
RV029,5,Versailles vineyard harvest was unique,10/4/2025,T015,TR057,SP020
RV030,3,Volga river cruise with caviar was divine,7/18/2026,T050,TR010,SP031
RV031,2,Zanzibar spice tour was educational and fun,2/13/2026,T023,TR023,SP016
RV032,3,St Andrews golf lesson improved my game,8/19/2025,T032,TR039,SP027
RV033,3,Parisian cooking class was a highlight of our trip,3/14/2026,T001,TR050,SP033
RV034,3,Antarctic expedition was the adventure of a lifetime,12/11/2025,T056,TR045,SP004
RV035,2,Nile cruise with Egyptologist was fascinatingly rubbish,1/23/2026,T039,TR033,SP011
RV036,3,Orient Express lived up to all expectations,4/6/2026,T020,TR022,SP018
RV037,2,Sahara desert camp was magical under the stars,11/16/2025,T055,TR014,SP021
RV038,1,Glass igloo was the perfect way to ruin my mood,12/21/2025,T002,TR059,SP024
RV039,2,Siberian tiger spotting was thrilling but dangerous,6/16/2026,T025,TR007,SP035
RV040,3,Himalayan yoga retreat was transformative,3/9/2026,T040,TR041,SP006
RV041,3,Amazon lodge experience was unforgettable,7/23/2026,T017,TR002,SP048
RV042,1,Maldivian water villa was trash on earth,10/23/2025,T030,TR056,SP029
RV043,2,Austrian hunting experience was authentic,9/26/2025,T044,TR025,SP013
RV044,5,Venetian masquerade ball was magical,2/14/2026,T005,TR048,SP037
RV045,0,Portuguese wine cellars were horrible,5/16/2026,T052,TR031,SP042
RV046,5,Moroccan riad was an oasis of calm,11/21/2025,T013,TR005,SP025
RV047,5,Greek island hopping was perfect,6/23/2026,T049,TR018,SP050
RV048,4,Scottish whisky tasting was educational,10/14/2025,T021,TR043,SP040
RV049,5,Japanese ryokan was the ultimate relaxation,4/9/2026,T036,TR028,SP043
RV050,5,Flamenco dancing lesson was so much fun,3/19/2026,T028,TR016,SP046
RV051,5,Viennese ball was like stepping into a fairy tale,1/24/2026,T010,TR049,SP038
RV052,4,Russian winter troika ride was exhilarating,12/26/2025,T058,TR035,SP019
RV053,5,Felt like a Maharaja during the polo lessons,2/8/2026,T037,TR027,SP007
RV054,5,Arabian Nights experience was magical,11/24/2025,T026,TR040,SP014
RV055,4,Tuscan truffle hunting was a unique experience,10/11/2025,T042,TR058,SP003
RV056,5,Norwegian fjords cruise was breathtaking,7/9/2026,T018,TR006,SP009
RV057,5,Swiss alpine chalet was cozy and charming,12/16/2025,T031,TR051,SP011
RV058,4,Croatian island with Roman ruins was fascinating,5/26/2026,T059,TR032,SP022
RV059,5,Polish castle banquet felt truly medieval,4/19/2026,T054,TR036,SP016
RV060,5,Hungarian thermal baths were incredibly relaxing,11/9/2025,T046,TR054,SP028
