TripID,ProviderID,Accepted
TR001,SP001,Yes
TR002,SP002,Yes
TR003,SP003,Yes
TR004,SP004,Yes
TR005,SP005,Yes
TR006,SP006,Yes
TR007,SP007,Yes
TR008,SP008,Yes
TR009,SP009,No
TR010,SP010,No
TR011,SP011,No
TR012,SP012,No
TR013,SP013,No
TR014,SP014,No
TR015,SP015,No
TR016,SP016,No
TR017,SP017,Yes
TR018,SP018,Yes
TR019,SP019,Yes
TR020,SP020,Yes
TR021,SP021,Yes
TR022,SP022,Yes
TR023,SP023,Yes
TR024,SP024,Yes
TR025,SP025,Yes
TR026,SP026,Yes
TR027,SP027,Yes
TR028,SP028,Yes
TR029,SP029,Yes
TR030,SP030,Yes
TR031,SP031,Yes
TR032,SP032,Yes
TR033,SP033,Yes
TR034,SP034,Yes
TR035,SP035,Yes
TR036,SP036,Yes
TR037,SP037,Yes
TR038,SP038,Yes
TR039,SP039,Yes
TR040,SP040,Yes
TR041,SP041,Yes
TR042,SP042,Yes
TR043,SP043,Yes
TR044,SP044,Yes
TR045,SP045,Yes
TR046,SP046,Yes
TR047,SP047,Yes
TR048,SP048,Yes
TR049,SP049,Yes
TR050,SP050,Yes
TR051,SP001,Yes
TR052,SP002,Yes
TR053,SP003,Yes
TR054,SP004,Yes
TR055,SP005,Yes
TR056,SP006,Yes
TR057,SP007,Yes
TR058,SP008,Yes
TR059,SP009,Yes
TR060,SP010,Yes
