ProviderID,Name,Type,Email,Password,OccupancyRate,OnTimePerformance,AverageRating
SP001,Windsor Royal Suites,Hotel,info@windsorroyal.com,Windsor123,92%,98%,4.9
SP002,Emirates Falconry,Experience,bookings@emiratesfalconry.ae,Falcon123,85%,95%,4.8
SP003,Versailles Guides,Guide,contact@versaillesguides.fr,SunKing1,88%,97%,4.7
SP004,Hermitage Museum Tours,Cultural,tours@hermitage.ru,WinterPalace,90%,96%,4.9
SP005,Highland Castle Stays,Hotel,bookings@highlandcastles.uk,Scotland1,82%,92%,4.6
SP006,Kyoto Traditional Ryokan,Hotel,reservations@kyotoryokan.jp,Sakura123,95%,99%,4.9
SP007,Vienna Philharmonic,Cultural,tickets@viennaphilharmonic.at,Waltz123,87%,98%,4.8
SP008,Tuscan Vineyard Estates,Hotel,stay@tuscanvineyards.it,Chianti1,83%,94%,4.7
SP009,Monaco Yacht Charters,Transport,charter@monacoyachts.mc,GrandPrix1,78%,90%,4.5
SP010,Rajasthan Palace Stays,Hotel,royal@rajasthanpalaces.in,Maharaja1,91%,97%,4.8
SP011,Abu Dhabi Falcon Hospital,Experience,visit@adfalconhospital.ae,FalconCare,84%,96%,4.7
SP012,Loire Valley Chateaux,Cultural,tours@loirechateaux.fr,Loire123,89%,98%,4.8
SP013,Bolshoi Ballet,Cultural,bookings@bolshoi.ru,Nutcracker,93%,99%,4.9
SP014,Omani Desert Camps,Hotel,stay@omanidesertcamps.om,Frankincense,81%,93%,4.6
SP015,Luxembourg Palace Tours,Cultural,tours@luxembourgpalace.lu,GrandDucal,86%,97%,4.7
SP016,Hong Kong Junk Boats,Transport,charter@hkjunkboats.hk,DragonBoat,80%,92%,4.5
SP017,Swedish Ice Hotel,Hotel,reservations@icehotel.se,Aurora123,79%,91%,4.6
SP018,African Safari Lodges,Hotel,book@africansafarilodges.za,BigFive1,88%,96%,4.8
SP019,Danube Luxury Cruises,Transport,sail@danubecruises.com,BlueDanube,85%,95%,4.7
SP020,Hawaiian Luau,Experience,luau@hawaiianroyalty.com,Aloha123,82%,94%,4.6
SP021,Trans-Siberian Private,Transport,private@transsiberian.ru,Siberia123,77%,89%,4.5
SP022,Ganges River Experiences,Experience,holy@gangesexperience.in,Ganges123,83%,95%,4.7
SP023,Caribbean Private Island,Hotel,escape@caribprivate.com,Pirate123,75%,88%,4.4
SP024,Machu Picchu Guides,Guide,guides@machupicchu.pe,Inca123,84%,96%,4.7
SP025,Everest Trekking,Guide,trek@everestguides.com.np,Summit123,76%,90%,2.5
SP026,Amalfi Luxury Villas,Hotel,stay@amalfivillas.it,Amalfi123,87%,97%,2.8
SP027,Bordeaux Wine Estates,Culinary,taste@bordeauxwines.fr,Bordeaux123,89%,98%,2.8
SP028,Silk Road Guides,Guide,explore@silkroadguides.uz,Samarkand123,82%,94%,2.6
SP029,Versailles Vineyard,Culinary,wine@versaillesvineyard.fr,RoyalGrape,85%,96%,2.7
SP030,Volga River Cruises,Transport,cruise@volgariver.ru,Caviar123,81%,93%,2.6
SP031,Zanzibar Spice Farms,Culinary,tour@zanzibarspices.com,Spice123,83%,95%,2.7
SP032,St Andrews Golf,Sport,play@standrewsgolf.com,Golf123,78%,91%,2.5
SP033,Parisian Chefs,Culinary,cook@parisianchefs.fr,Cuisine123,86%,97%,4.8
SP034,Antarctic Expeditions,Adventure,explore@antarctic.com,Penguin123,74%,87%,4.4
SP035,Nile Dahabiya,Transport,sail@niledahabiya.com,Pharaoh123,82%,94%,4.6
SP036,Orient Express,Transport,reservations@orientexpress.com,Luxury123,91%,99%,1
SP037,Sahara Luxury Camps,Hotel,stay@saharaluxury.com,Desert123,79%,92%,3.2
SP038,Arctic Glass Igloos,Hotel,book@arcticigloos.com,Northern123,77%,90%,4.5
SP039,Siberian Wildlife,Guide,track@siberianwildlife.ru,Tiger123,80%,93%,0.9
SP040,Himalayan Yoga,Wellness,retreat@himalayanyoga.com,Om123,84%,96%,4.7
SP041,Amazon Eco Lodges,Hotel,stay@amazonlodge.com.br,Jungle123,78%,91%,4.5
SP042,Maldivian Water Villas,Hotel,paradise@maldivianvillas.mv,Ocean123,93%,99%,4.9
SP043,Austrian Hunting,Sport,hunt@austrianhunting.com,Stag123,76%,89%,4.5
SP044,Venetian Palazzo,Hotel,stay@venetianpalazzo.it,Canal123,88%,97%,4.8
SP045,Portuguese Wine,Culinary,taste@portuguesewine.com,Port123,85%,96%,4.7
SP046,Moroccan Riads,Hotel,book@moroccanriads.com,Atlas123,83%,95%,4.7
SP047,Greek Island Hopping,Transport,sail@greekislands.com.gr,Odyssey123,84%,96%,4.7
SP048,Scottish Distilleries,Culinary,tour@scotchwhisky.com,Whisky123,86%,97%,4.8
SP049,Japanese Onsen,Wellness,relax@japaneseonsen.jp,Onsen123,89%,98%,4.8
SP050,Flamenco Performers,Cultural,book@flamencoroyal.com,Spain123,82%,94%,4.6
