ProviderID,Name,Type,Email,Password,OccupancyRate,OnTimePerformance,AverageRating
SP001,Windsor Royal Suites,Hotel,info@windsorroyal.com,Windsor123,0.92,0.98,4.9
SP002,Emirates Falconry,Experience,bookings@emiratesfalconry.ae,Falcon123,0.85,0.95,4.8
SP003,Versailles Guides,Guide,contact@versaillesguides.fr,SunKing1,0.88,0.97,4.7
SP004,Hermitage Museum Tours,Cultural,tours@hermitage.ru,WinterPalace,0.90,0.96,4.9
SP005,Highland Castle Stays,Hotel,bookings@highlandcastles.uk,Scotland1,0.82,0.92,4.6
SP006,Kyoto Traditional Ryokan,Hotel,reservations@kyotoryokan.jp,Sakura123,0.95,0.99,4.9
SP007,Vienna Philharmonic,Cultural,tickets@viennaphilharmonic.at,Waltz123,0.87,0.98,4.8
SP008,Tuscan Vineyard Estates,Hotel,stay@tuscanvineyards.it,Chianti1,0.83,0.94,4.7
SP009,Monaco Yacht Charters,Transport,charter@monacoyachts.mc,GrandPrix1,0.78,0.90,4.5
SP010,Rajasthan Palace Stays,Hotel,royal@rajasthanpalaces.in,Maharaja1,0.91,0.97,4.8
SP011,Abu Dhabi Falcon Hospital,Experience,visit@adfalconhospital.ae,FalconCare,0.84,0.96,4.7
SP012,Loire Valley Chateaux,Cultural,tours@loirechateaux.fr,Loire123,0.89,0.98,4.8
SP013,Bolshoi Ballet,Cultural,bookings@bolshoi.ru,Nutcracker,0.93,0.99,4.9
SP014,Omani Desert Camps,Hotel,stay@omanidesertcamps.om,Frankincense,0.81,0.93,4.6
SP015,Luxembourg Palace Tours,Cultural,tours@luxembourgpalace.lu,GrandDucal,0.86,0.97,4.7
SP016,Hong Kong Junk Boats,Transport,charter@hkjunkboats.hk,DragonBoat,0.80,0.92,4.5
SP017,Swedish Ice Hotel,Hotel,reservations@icehotel.se,Aurora123,0.79,0.91,4.6
SP018,African Safari Lodges,Hotel,book@africansafarilodges.za,BigFive1,0.88,0.96,4.8
SP019,Danube Luxury Cruises,Transport,sail@danubecruises.com,BlueDanube,0.85,0.95,4.7
SP020,Hawaiian Luau,Experience,luau@hawaiianroyalty.com,Aloha123,0.82,0.94,4.6
SP021,Trans-Siberian Private,Transport,private@transsiberian.ru,Siberia123,0.77,0.89,4.5
SP022,Ganges River Experiences,Experience,holy@gangesexperience.in,Ganges123,0.83,0.95,4.7
SP023,Caribbean Private Island,Hotel,escape@caribprivate.com,Pirate123,0.75,0.88,4.4
SP024,Machu Picchu Guides,Guide,guides@machupicchu.pe,Inca123,0.84,0.96,4.7
SP025,Everest Trekking,Guide,trek@everestguides.com.np,Summit123,0.76,0.90,2.5
SP026,Amalfi Luxury Villas,Hotel,stay@amalfivillas.it,Amalfi123,0.87,0.97,2.8
SP027,Bordeaux Wine Estates,Culinary,taste@bordeauxwines.fr,Bordeaux123,0.89,0.98,2.8
SP028,Silk Road Guides,Guide,explore@silkroadguides.uz,Samarkand123,0.82,0.94,2.6
SP029,Versailles Vineyard,Culinary,wine@versaillesvineyard.fr,RoyalGrape,0.85,0.96,2.7
SP030,Volga River Cruises,Transport,cruise@volgariver.ru,Caviar123,0.81,0.93,2.6
SP031,Zanzibar Spice Farms,Culinary,tour@zanzibarspices.com,Spice123,0.83,0.95,2.7
SP032,St Andrews Golf,Sport,play@standrewsgolf.com,Golf123,0.78,0.91,2.5
SP033,Parisian Chefs,Culinary,cook@parisianchefs.fr,Cuisine123,0.86,0.97,4.8
SP034,Antarctic Expeditions,Adventure,explore@antarctic.com,Penguin123,0.74,0.87,4.4
SP035,Nile Dahabiya,Transport,sail@niledahabiya.com,Pharaoh123,0.82,0.94,4.6
SP036,Orient Express,Transport,reservations@orientexpress.com,Luxury123,0.91,0.99,1
SP037,Sahara Luxury Camps,Hotel,stay@saharaluxury.com,Desert123,0.79,0.92,3.2
SP038,Arctic Glass Igloos,Hotel,book@arcticigloos.com,Northern123,0.77,0.90,4.5
SP039,Siberian Wildlife,Guide,track@siberianwildlife.ru,Tiger123,0.80,0.93,0.9
SP040,Himalayan Yoga,Wellness,retreat@himalayanyoga.com,Om123,0.84,0.96,4.7
SP041,Amazon Eco Lodges,Hotel,stay@amazonlodge.com.br,Jungle123,0.78,0.91,4.5
SP042,Maldivian Water Villas,Hotel,paradise@maldivianvillas.mv,Ocean123,0.93,0.99,4.9
SP043,Austrian Hunting,Sport,hunt@austrianhunting.com,Stag123,0.76,0.89,4.5
SP044,Venetian Palazzo,Hotel,stay@venetianpalazzo.it,Canal123,0.88,0.97,4.8
SP045,Portuguese Wine,Culinary,taste@portuguesewine.com,Port123,0.85,0.96,4.7
SP046,Moroccan Riads,Hotel,book@moroccanriads.com,Atlas123,0.83,0.95,4.7
SP047,Greek Island Hopping,Transport,sail@greekislands.com.gr,Odyssey123,0.84,0.96,4.7
SP048,Scottish Distilleries,Culinary,tour@scotchwhisky.com,Whisky123,0.86,0.97,4.8
SP049,Japanese Onsen,Wellness,relax@japaneseonsen.jp,Onsen123,0.89,0.98,4.8
SP050,Flamenco Performers,Cultural,book@flamencoroyal.com,Spain123,0.82,0.94,4.6
