OperatorID,CompanyName,Email,Password,Phone,Rating,ResponseTimeInHrs
OP001,Regal Voyages,contact@regalvoyages.com,OpSecure001,44207654,4.9,2
OP002,Imperial Tours,info@imperialtours.ae,DesertOp2024,97142233445,4.8,1
OP003,Grandeur Getaways,sales@grandeur.com,LuxeTravel1,13105551234,4.7,3
OP004,Noble Expeditions,book@nobleexp.com,Chateau123,33123456789,2.9,2
OP005,Crown & Castle Tours,info@crowncastle.uk,Windsor123,44163456,2.6,4
OP006,Sultan's Travel,contact@sultanstravel.ae,ArabianNights,97143456789,2.8,1
OP007,Baron's Boutique Travel,enquiries@baronstravel.de,Bavaria1,4989123456,2.5,5
OP008,Ducal Destinations,sales@ducal.com,LoireValley,33198765432,2.7,23
OP009,Princely Pathways,info@princelypaths.com,Monaco2024,37798987654,2.9,1
OP010,Tsar's Travel,book@tsarstravel.ru,Romanov123,74957894561,2.4,10
OP011,Maharaja Journeys,enquiries@maharaja.in,TajMahal1,91114567890,2.8,2
OP012,Royal Scots Travel,info@royalscots.uk,Highland1,441316543,2.6,4
OP013,Imperial Japan Tours,contact@imperialjp.com,Sakura2024,81334567890,2.9,1
OP014,Habsburg Holidays,sales@habsburg.at,Sisi123,43123456789,2.7,3
OP015,Medici Travel,info@medicitravel.it,Florence1,39065543210,2.5,5
OP016,Windsor Wayfarers,book@windsorway.com,Eton123,44208987654,2.8,2
OP017,Sheikh's Select,contact@sheikhsselect.ae,Oasis2024,97143456789,2.9,1
OP018,Versailles Voyages,sales@versailles.com,SunKing1,33145678901,2.6,4
OP019,Romanov Retreats,info@romanovretreats.ru,WinterPalace,74955678901,2.7,3
OP020,Sultan's Signature,enquiries@sultansig.com,DesertRose,96824567890,2.8,2
OP021,Grand Ducal Travel,book@grandducal.lu,Luxembourg1,35224567890,2.5,5
OP022,Crowned Eagle Tours,info@crownedeagle.com,Eagle123,12125551234,2.7,3
OP023,Imperial Orient,contact@imperialorient.hk,Dragon123,85223456789,4.9,1
OP024,Noble Nordic,sales@noblenordic.com,Viking2024,46812345678,4.6,4
OP025,Regal African Safaris,info@regalafrica.com,Safari123,27214567890,4.8,2
OP026,Ducal Danube Cruises,book@ducaldanube.com,BlueDanube,36123456789,4.7,3
OP027,Princely Pacific,enquiries@princelypacific.com,Aloha123,18085551234,4.5,5
OP028,Tsar's Trans-Siberian,info@tsarstrans.com,Siberia1,73951234567,4.9,1
OP029,Maharaja Mystique,contact@maharajamystique.in,Ganges1,91113456789,4.6,4
OP030,Royal Caribbean Connections,sales@royalcarib.com,Pirate123,18664567890,4.8,2
OP031,Imperial Inca Trails,info@imperialinca.com,MachuPicchu,51123456789,4.7,3
OP032,Habsburg Himalayan,book@habsburghimalayan.com,Everest1,97714567890,4.5,5
OP033,Medici Mediterranean,enquiries@medicimed.com,Amalfi123,39081234567,4.9,1
OP034,Windsor Wine Tours,info@windsorwine.com,Vineyard1,44203456789,4.6,4
OP035,Sheikh's Silk Road,contact@sheikhssilk.com,Samarkand1,99871234567,4.8,2
OP036,Versailles Vineyards,sales@versaillesvineyards.com,Bordeaux1,33556789012,4.7,3
OP037,Romanov River Cruises,info@romanovriver.com,Volga123,78341234567,4.5,5
OP038,Sultan's Spice Trails,book@sultansspice.com,Zanzibar1,25524567890,4.9,1
OP039,Grand Ducal Golf,enquiries@grandducalgolf.com,StAndrews1,44133456789,4.6,4
OP040,Crowned Culinary Tours,info@crownedculinary.com,Michelin1,33145678901,4.8,2
OP041,Imperial Antarctic,contact@imperialantarctic.com,Penguin1,64245678901,4.7,3
OP042,Noble Nile Cruises,sales@noblenile.com,Pharaoh123,20234567890,3.3,5
OP043,Regal Rail Journeys,info@regalrail.com,OrientExp1,44204567890,4.9,1
OP044,Ducal Desert Adventures,book@ducaldesert.com,Sahara1,21264567890,4.6,4
OP045,Princely Polar,enquiries@princelypolar.com,Aurora123,47712345678,1.2,2
OP046,Tsar's Taiga Trek,info@tsarstaiga.com,Siberia2,73953456789,4.7,3
OP047,Maharaja Mountain,contact@maharajamountain.com,Himalayas1,91564567890,4.5,5
OP048,Royal Rainforest,sales@royalrainforest.com,Amazon123,55613456789,3.6,1
OP049,Imperial Islands,info@imperialislands.com,Maldives1,96024567890,3.1,4
OP050,Habsburg Hunting,book@habsburghunting.com,Stag123,43145678901,1.9,2
