TravelerID,FullName,Email,Password,PhoneNumber,Nationality,Age,AccountStatus
T001,Prince Alexander Windsor,alex.windsor@royalmail.uk,Windsor123!,441234567890,British,32,Active
T002,Duchess Isabella Montecarlo,isa.monte@princely.com,Monaco2024,37793456789,Monegasque,28,Active
T003,Sheikh Khalid Al-Faisal,khalid.alf@emirates.ae,DubaiRoyal7,971501234567,Emirati,45,Active
T004,Countess Natalia Romanov,natalia.romanov@tsar.ru,WinterPalace,74951234567,Russian,41,Active
T005,Lord Sebastian Pembroke,sebastian.p@castle.uk,Stonehenge1,447700123456,British,38,Active
T006,Princess Laila Al-Qasimi,princess.laila@dubai.ae,PearlDiver,971551234567,Emirati,29,Active
T007,Baron Friedrich von Hohenzollern,friedrich.vh@schloss.de,Neuschwanstein,493012345678,German,52,Active
T008,Lady Victoria Ashworth,v.ashworth@manor.com,TeaAt5,441632987654,British,34,Active
T009,Sultan Omar Hassanal,sultan.omar@brunei.bn,GoldenThrone,6737123456,Bruneian,48,Active
T010,Queen Mother Beatrice,qm.beatrice@royalpalace.nl,TulipField,31612345678,Dutch,72,Active
T011,Marquis Jean-Luc de Bordeaux,jl.bordeaux@chateau.fr,BordeauxWine,33612345678,French,56,Active
T012,Dame Eleanor Winthrop,eleanor.w@winthropestate.com,HuntingHorn,61412345678,Australian,43,Active
T013,Maharaja Vikram Singh,maharaja.vikram@jaipur.in,AmberFort,911412345678,Indian,39,Active
T014,Princess Sofia Grecian,princess.sofia@athens.gr,Acropolis1,302101234567,Greek,31,Active
T015,Lord Charles Huntington,charles.h@huntington.uk,FoxHunt22,447912345678,British,47,Active
T016,Sheikha Fatima bint Mohammed,fatima.bm@uae.ae,Falconry123,971501112222,Emirati,27,Active
T017,Count Lorenzo Medici,lorenzo.medici@florence.it,Renaissance,393331234567,Italian,44,Active
T018,Lady Margaret Cavendish,m.cavendish@chatsworth.uk,Chatsworth1,441624123456,British,59,Active
T019,Prince Takamatsu,prince.taka@imperial.jp,Sakura2024,81312345678,Japanese,36,Active
T020,Baroness Ingrid von Sch�nburg,ingrid.vs@schonburg.de,BlackForest,4915112345678,German,51,Active
T021,Sheikh Rashid bin Zayed,rashid.bz@dubai.ae,DuneBash,971506789123,Emirati,33,Active
T022,Duchess Anastasia Petrova,a.petrova@winterpalace.ru,Faberge1,78121234567,Russian,40,Active
T023,Lord Edward Worthington,e.worthington@estate.uk,Highclere1,447876543210,British,46,Active
T024,Princess Consuela y Aragon,consuela.aragon@madrid.es,Flamenco1,34612345678,Spanish,35,Active
T025,Count Wilhelm von Habsburg,wilhelm.habsburg@vienna.at,Sisi123,431234567890,Austrian,53,Active
T026,Lady Penelope Mountbatten,penny.m@broadlands.uk,CorgiLove,447700987654,British,30,Active
T027,Prince Abdullah Al Saud,prince.abdullah@ksa.sa,RedSand,966501234567,Saudi,42,Active
T028,Marquise Isabelle de Lorraine,isabelle.dl@lorraine.fr,Versailles1,336987654321,French,37,Active
T029,Sir Reginald Smythe-Vane,r.smythevane@castle.uk,Windsor123,447912345678,British,61,Active
T030,Princess Elena of Montenegro,elena.montenegro@podgorica.me,Adriatic1,38220123456,Montenegrin,28,Active
T031,Sheikh Mohammed bin Rashid,sheikh.mbr@dubai.ae,BurjKhalifa,971504444555,Emirati,49,Active
T032,Countess Valentina Orsini,valentina.orsini@rome.it,Colosseum1,393331234567,Italian,45,Active
T033,Lord James Harrington,j.harrington@estate.uk,Downton1,447700123789,British,54,Active
T034,Princess Aisha bint Faisal,princess.aisha@saudi.sa,DesertRose,966502345678,Saudi,26,Active
T035,Baron Otto von Bismarck,otto.vb@berlin.de,IronChancel,491512345678,German,57,Active
T036,Lady Charlotte York,c.york@yorkshire.uk,Yorkshire1,441234567890,British,39,Active
T037,Prince Carl Philip Bernadotte,prince.carl@royal.se,NorthernLights,46701234567,Swedish,44,Active
T038,Sheikha Latifa bint Mohammed,latifa.bm@dubai.ae,PearlDiver2,971506543210,Emirati,31,Active
T039,Count Nikolai Rostov,nikolai.rostov@moscow.ru,WarAndPeace,74991234567,Russian,47,Active
T040,Lady Beatrice Somerset,b.somerset@castle.uk,Somerset123,447700654321,British,33,Active
T041,Sheikh Hamdan bin Mohammed,sheikh.hbm@dubai.ae,Fazza1,971505555666,Emirati,38,Active
T042,Princess Marie Bonaparte,marie.bonaparte@paris.fr,Napoleon1,33612345678,French,52,Active
T043,Lord Richard Granville,r.granville@manor.uk,Granville123,447912345678,British,59,Active
T044,Princess Sofia of Greece,sofia.greece@athens.gr,Parthenon1,302101234567,Greek,29,Active
T045,Sheikh Zayed bin Sultan,sheikh.zbs@abudhabi.ae,Founder1,971502222333,Emirati,43,Active
T046,Countess Katarina von Hapsburg,katarina.vh@vienna.at,Sisi1234,431234567890,Austrian,36,Active
T047,Lord William Pembroke,w.pembroke@castle.uk,Pembroke123,447700123456,British,48,Active
T048,Princess Amira Al Said,amira.alsaid@oman.om,Frankincense,96891234567,Omani,34,Active
T049,Baron Klaus von Richthofen,klaus.vr@berlin.de,RedBaron,491512345678,German,55,Active
T050,Lady Victoria Kensington,v.kensington@london.uk,Kensington1,447912345678,British,41,Active
T051,Prince Hassan bin Talal,prince.hassan@jordan.jo,Petra123,96261234567,Jordanian,46,Active
T052,Duchess Maria Theresa,maria.theresa@vienna.at,Habsburg1,431234567890,Austrian,50,Active
T053,Lord Henry Wessex,h.wessex@castle.uk,Wessex123,447700123456,British,39,Active
T054,Sheikha Mariam bint Rashid,mariam.br@dubai.ae,Mariam123,971506789123,Emirati,27,Active
T055,Count Sergei Ivanov,sergei.ivanov@moscow.ru,Kremlin1,74991234567,Russian,44,Active
T056,Lady Diana Spencer,d.spencer@althorp.uk,Althorp123,447700987654,British,31,Active
T057,Sheikh Sultan bin Zayed,sheikh.sbz@abudhabi.ae,Zayed123,971503333444,Emirati,42,Active
T058,Princess Isabella of Spain,isabella.spain@madrid.es,Flamenco2,34612345678,Spanish,35,Active
T059,Lord George Cambridge,g.cambridge@castle.uk,Cambridge123,447912345678,British,53,Active
T060,Baroness Sophia von Habsburg,sophia.habsburg@imperial.at,Vienna1889,4312345678,Austrian,39,Suspended
