TripID,Title,Description,Destination,StartDate,EndDate,PricePerPersonInDollars,TripType,Capacity,DurationInDays,Status,OperatorID
TR001,Royal Windsor Experience,Exclusive access to Windsor Castle with private guide,"Windsor, UK",6/15/2025,6/17/2025,2500,Cultural,10,3,Available,OP001
TR002,Dubai Golden Sands,Luxury desert safari with private falconry show,"Dubai, UAE",7/1/2025,7/5/2025,12000,Adventure,15,5,Available,OP002
TR003,Versailles Grand Tour,Private after-hours tour of Versailles with champagne reception,"Versailles, France",8/10/2025,8/12/2025,3500,Cultural,8,3,Available,OP004
TR004,Imperial Russia,Winter Palace tour and Faberge egg viewing,St. Petersburg,9/5/2025,9/10/2025,250000,Historical,12,6,Available,OP010
TR005,Scottish Highlands,Private castle stay with grouse shooting,"Inverness, UK",10/12/2025,10/15/2025,1800,Adventure,6,4,Available,OP012
TR006,Kyoto Imperial,Private tea ceremony with Maiko performance,"Kyoto, Japan",11/1/2025,11/7/2025,450000,Cultural,8,7,Available,OP013
TR007,Vienna Waltz,Habsburg palace tours with private concert at Musikverein,"Vienna, Austria",12/5/2025,12/8/2025,2800,Cultural,10,4,Available,OP014
TR008,Tuscan Noble Estates,Wine tasting at private Medici villas,"Tuscany, Italy",1/15/2026,1/20/2026,3200,Leisure,8,6,Available,OP015
TR009,Monaco Grand Prix,VIP package with yacht accommodation,Monaco,5/20/2026,5/24/2026,15000,Event,4,5,Available,OP009
TR010,Rajasthan Royalty,Stay at Umaid Bhawan Palace with private elephant rides,"Jodhpur, India",10/1/2025,10/7/2025,300000,Cultural,10,7,Available,OP011
TR011,Abu Dhabi Falconry,Private falconry lesson with royal falconers,"Abu Dhabi, UAE",11/15/2025,11/17/2025,8000,Experience,6,3,Available,OP017
TR012,Loire Valley Chateaux,Private tours of Chenonceau and Chambord with wine pairing,"Loire, France",4/10/2026,4/15/2026,2800,Cultural,8,6,Available,OP008
TR013,Russian Ballet,Bolshoi performance with backstage access,"Moscow, Russia",12/10/2025,12/13/2025,180000,Cultural,10,4,Available,OP019
TR014,Omani Frankincense,Private tour of ancient frankincense trails,"Salalah, Oman",1/5/2026,1/10/2026,1200,Historical,8,6,Available,OP020
TR015,Luxembourg Grand Ducal,Private tour of Grand Ducal Palace,Luxembourg,9/15/2025,9/17/2025,2200,Cultural,6,3,Available,OP021
TR016,Hong Kong Imperial,Private junk boat charter with Michelin-star dining,Hong Kong,2/10/2026,2/13/2026,35000,Leisure,8,4,Available,OP023
TR017,Swedish Northern Lights,Ice hotel stay with private aurora viewing,"Kiruna, Sweden",12/20/2025,12/25/2025,25000,Adventure,6,6,Available,OP024
TR018,African Safari Royal,Private game drives in royal hunting reserve,"Limpopo, SA",3/1/2026,3/8/2026,45000,Adventure,4,8,Available,OP025
TR019,Danube Waltz,Private river cruise on luxury liner,Budapest-Vienna,5/15/2026,5/20/2026,4500,Cruise,12,6,Available,OP026
TR020,Hawaiian Royalty,Private luau at historic royal residence,"Oahu, Hawaii",6/10/2026,6/15/2026,7500,Leisure,8,6,Available,OP027
TR021,Trans-Siberian Express,Private cabin on luxury train with butler service,Moscow-Vladivostok,7/1/2026,7/10/2026,500000,Adventure,6,10,Available,OP028
TR022,Ganges Royal Cruise,Private boat with sunset ceremonies,"Varanasi, India",11/20/2025,11/25/2025,180000,Spiritual,8,6,Available,OP029
TR023,Caribbean Pirate,Private island stay with yacht charter,Bahamas,1/10/2026,1/17/2026,12000,Leisure,6,8,Available,OP030
TR024,Machu Picchu Royal,Private sunrise viewing with historian guide,"Cusco, Peru",4/15/2026,4/20/2026,8000,Adventure,8,6,Available,OP031
TR025,Everest Base Camp,Luxury trek with private sherpas,Nepal,5/1/2026,5/15/2026,15000,Adventure,4,15,Available,OP032
TR026,Amalfi Aristocrat,Private villa stay with boat tours,"Amalfi, Italy",9/10/2025,9/17/2025,5000,Leisure,6,8,Available,OP033
TR027,Bordeaux Noble,Private chateau tours with master sommelier,"Bordeaux, France",6/5/2026,6/10/2026,3800,Culinary,8,6,Available,OP034
TR028,Silk Road Royal,Private tours of Samarkand monuments,Uzbekistan,8/15/2026,8/22/2026,8500,Historical,6,8,Available,OP035
TR029,Versailles Vineyard,Private harvest experience at royal vineyard,"Versailles, France",10/1/2025,10/3/2025,2500,Culinary,8,3,Available,OP036
TR030,Volga River Royal,Private riverboat with caviar service,Russia,7/10/2026,7/17/2026,300000,Cruise,8,8,Available,OP037
TR031,Zanzibar Spice,Private spice farm tours with sultan's palace access,Zanzibar,2/5/2026,2/12/2026,6500,Cultural,8,8,Available,OP038
TR032,St Andrews Golf Royal,Private lessons at Old Course with champion golfer,"St. Andrews, UK",8/15/2025,8/18/2025,5000,Sport,4,4,Available,OP039
TR033,Parisian Haute Cuisine,Michelin-starred dining with private chef lessons,"Paris, France",3/10/2026,3/13/2026,4500,Culinary,6,4,Available,OP040
TR034,Antarctic Emperor,Luxury expedition with private igloo dining,Antarctica,12/1/2025,12/10/2025,25000,Adventure,6,10,Available,OP041
TR035,Nile Pharaoh's Cruise,Private dahabiya with Egyptologist guide,"Luxor, Egypt",1/15/2026,1/22/2026,8500,Historical,8,8,Available,OP042
TR036,Orient Express,Private carriage on Venice-Simplon route,London-Venice,4/1/2026,4/5/2026,12000,Luxury,4,5,Available,OP043
TR037,Sahara Royal Camp,Luxury desert camp with private star gazing,Morocco,11/10/2025,11/15/2025,25000,Adventure,6,6,Available,OP044
TR038,Arctic Aurora,Glass igloo stay with private photographer,Finland,12/15/2025,12/20/2025,6000,Nature,4,6,Available,OP045
TR039,Siberian Tiger,Private wildlife viewing in taiga forest,Russia,6/10/2026,6/15/2026,200000,Wildlife,4,6,Available,OP046
TR040,Himalayan Retreat,Private yoga with Dalai Lama's teacher,"Dharamshala, India",3/1/2026,3/8/2026,150000,Wellness,6,8,Available,OP047
TR041,Amazon Royal Lodge,Private canopy tours with indigenous guides,Brazil,7/15/2026,7/22/2026,25000,Eco,6,8,Available,OP048
TR042,Maldivian Sultan,Private island with submarine tours,Maldives,10/15/2025,10/22/2025,18000,Luxury,4,8,Available,OP049
TR043,Austrian Hunt,Traditional driven hunt with nobility,"Salzburg, Austria",9/20/2025,9/25/2025,7500,Sport,6,6,Available,OP050
TR044,Venetian Masquerade,Private ball at historic palazzo,"Venice, Italy",2/10/2026,2/13/2026,5000,Event,8,4,Available,OP015
TR045,Portuguese Royal,Private wine cellars and palace tours,"Porto, Portugal",5/10/2026,5/15/2026,3500,Cultural,8,6,Available,OP008
TR046,Moroccan Sultan,Private riad with royal hammam experience,Marrakech,11/15/2025,11/20/2025,15000,Luxury,6,6,Available,OP044
TR047,Greek Odyssey,Private yacht to ancient sites,Greek Islands,6/15/2026,6/22/2026,12000,Historical,8,8,Available,OP014
TR048,Scottish Whisky,Private tastings in historic distilleries,"Speyside, UK",10/10/2025,10/13/2025,3000,Culinary,6,4,Available,OP012
TR049,Japanese Ryokan,Imperial suite at historic onsen,"Hakone, Japan",4/5/2026,4/8/2026,250000,Traditional,4,4,Available,OP013
TR050,Spanish Flamenco,Private lessons with gypsy royalty,"Seville, Spain",3/15/2026,3/18/2026,2800,Cultural,6,4,Available,OP024
TR051,Viennese Ball,Private waltz lessons and ball attendance,Vienna,1/20/2026,1/23/2026,3500,Event,8,4,Available,OP014
TR052,Russian Winter,Troika rides in private forest,Moscow,12/20/2025,12/25/2025,150000,Seasonal,6,6,Available,OP019
TR053,Indian Maharaja,Palace stay with polo lessons,"Jaipur, India",2/1/2026,2/7/2026,200000,Sport,6,7,Available,OP011
TR054,Arabian Nights,Private desert palace with entertainment,Dubai,11/20/2025,11/23/2025,15000,Luxury,8,4,Available,OP002
TR055,Tuscan Harvest,Private villa with truffle hunting,Tuscany,10/5/2025,10/10/2025,4000,Culinary,6,1,Available,OP015
TR056,Norwegian Fjords,Private cruise on royal yacht,"Bergen, Norway",7/1/2026,7/8/2026,50000,Nature,6,8,Available,OP024
TR057,Swiss Alpine,Private chalet with cheese making,Zermatt,12/10/2025,12/15/2025,8000,Mountain,6,6,Available,OP021
TR058,Croatian Royal,Private island with Roman ruins tour,Dubrovnik,5/20/2026,5/25/2026,4500,Historical,6,1,Available,OP033
TR059,Polish Castle,Medieval banquet in royal castle,Krakow,4/15/2026,4/18/2026,10000,Historical,8,4,Available,OP037
TR060,Hungarian Thermal,Private baths with royal treatment,Budapest,11/5/2025,11/8/2025,500000,Wellness,6,4,Available,OP026
