AdminID,Email,APassword,FullName,RegistrationDate,LastLogin,AccountStatus
AD001,alex.royal@travelease.com,Pass@001,Alex Royal,05/01/2023 9:15,10/03/2024 17:25,Active
AD002,queen.lara@travelease.com,LaraSecure2,Queen Lara,12/12/2022 12:00,09/01/2024 15:12,Active
AD003,william.lux@travelease.com,LuxAdmin!33,William Lux,08/05/2023 8:42,08/04/2024 13:10,Active
AD004,zara.golden@travelease.com,Gold@Zara9,Zara Golden,11/11/2022 11:11,11/02/2024 9:55,Active
AD005,ralph.victor@travelease.com,RvStrong12,Ralph Victor,10/06/2023 14:22,02/03/2025 11:40,Active
AD006,fiona.king@travelease.com,Fiona@King3,Fiona King,03/03/2023 10:30,08/02/2025 11:50,Active
AD007,emilia.crown@travelease.com,EmiCrown#8,Emilia Crown,12/10/2022 7:45,12/12/2024 23:59,Active
AD008,oscar.royale@travelease.com,ORoyale@44,Oscar Royale,09/02/2023 16:18,10/01/2025 16:16,Active
AD009,bella.majestic@travelease.com,Majestic@B2,Bella Majestic,09/07/2023 13:13,11/04/2025 8:08,Active
AD010,ethan.noble@travelease.com,NobleXx12,Ethan Noble,07/09/2022 18:10,09/12/2023 21:00,Inactive
AD011,olivia.estate@travelease.com,Olivia#99,Olivia Estate,04/04/2023 4:44,12/03/2025 7:07,Active
AD012,thomas.dynasty@travelease.com,DynAdmin@7,Thomas Dynasty,06/12/2022 20:00,01/11/2024 6:06,Active
AD013,mia.regal@travelease.com,MiaRegal3,Mia Regal,01/01/2023 0:00,10/10/2024 2:22,Active
AD014,lucas.mansion@travelease.com,MansionL#1,Lucas Mansion,08/08/2023 11:11,12/04/2025 14:14,Inactive
AD015,sophia.heritage@travelease.com,Sophia!H88,Sophia Heritage,09/09/2023 9:09,05/04/2025 10:10,Active
