AdminID,Email,APassword,FullName,RegistrationDate,LastLogin
AD001,alex.royal@travelease.com,Pass@001,Alex Royal,5/1/2023 9:15,10/3/2024 17:25
AD002,queen.lara@travelease.com,LaraSecure2,Queen Lara,12/12/2022 12:00,9/1/2024 15:12
AD003,william.lux@travelease.com,LuxAdmin!33,William Lux,8/5/2023 8:42,8/4/2024 13:10
AD004,zara.golden@travelease.com,Gold@Zara9,Zara Golden,11/11/2022 11:11,11/2/2024 9:55
AD005,ralph.victor@travelease.com,RvStrong12,Ralph Victor,10/6/2023 14:22,2/3/2025 11:40
AD006,fiona.king@travelease.com,Fiona@King3,Fiona King,3/3/2023 10:30,8/2/2025 11:50
AD007,emilia.crown@travelease.com,EmiCrown#8,Emilia Crown,12/10/2022 7:45,12/12/2024 23:59
AD008,oscar.royale@travelease.com,ORoyale@44,Oscar Royale,9/2/2023 16:18,10/1/2025 16:16
AD009,bella.majestic@travelease.com,Majestic@B2,Bella Majestic,9/7/2023 13:13,11/4/2025 8:08
AD010,ethan.noble@travelease.com,NobleXx12,Ethan Noble,7/9/2022 18:10,9/12/2023 21:00
AD011,olivia.estate@travelease.com,Olivia#99,Olivia Estate,4/4/2023 4:44,12/3/2025 7:07
AD012,thomas.dynasty@travelease.com,DynAdmin@7,Thomas Dynasty,6/12/2022 20:00,1/11/2024 6:06
AD013,mia.regal@travelease.com,MiaRegal3,Mia Regal,1/1/2023 0:00,10/10/2024 2:22
AD014,lucas.mansion@travelease.com,MansionL#1,Lucas Mansion,8/8/2023 11:11,12/4/2025 14:14
AD015,sophia.heritage@travelease.com,Sophia!H88,Sophia Heritage,9/9/2023 9:09,5/4/2025 10:10
