TravelerID,TripID,BookingDate,BStatus,AbandonmentReason,PaymentID
TR001,TP012,3/10/2023,Confirmed,NULL,PY019
TR045,TP005,4/15/2023,Cancelled,Schedule conflict,PY045
TR022,TP008,5/22/2023,Confirmed,NULL,PY078
TR003,TP019,6/5/2023,Recovered,Payment issues,PY003
TR038,TP003,7/18/2023,Confirmed,NULL,PY062
TR017,TP014,8/30/2023,Abandoned,Found better alternative,NULL
TR029,TP007,9/12/2023,Confirmed,NULL,PY091
TR005,TP022,10/25/2023,Cancelled,Health reasons,PY005
TR012,TP011,11/8/2023,Confirmed,NULL,PY034
TR031,TP016,12/15/2023,Recovered,Initial payment failed,PY057
TR008,TP009,1/10/2024,Confirmed,NULL,PY008
TR024,TP024,2/18/2024,Abandoned,Changed travel preferences,NULL
TR042,TP002,3/5/2024,Confirmed,NULL,PY084
TR015,TP017,4/22/2024,Cancelled,Financial constraints,PY015
TR033,TP020,5/30/2024,Confirmed,NULL,PY066
TR007,TP013,6/12/2024,Recovered,Credit card expired,PY007
TR019,TP006,7/25/2024,Confirmed,NULL,PY029
TR026,TP021,8/5/2024,Abandoned,Decided on different destination,NULL
TR040,TP004,9/18/2024,Confirmed,NULL,PY080
TR002,TP018,10/1/2024,Cancelled,Family emergency,PY002
TR011,TP010,3/15/2023,Confirmed,NULL,PY011
TR034,TP023,4/20/2023,Recovered,Bank transfer delay,PY068
TR009,TP015,5/5/2023,Confirmed,NULL,PY009
TR021,TP001,6/28/2023,Abandoned,Found cheaper option,NULL
TR047,TP028,7/10/2023,Confirmed,NULL,PY094
TR004,TP026,8/22/2023,Cancelled,Work commitment,PY004
TR030,TP029,9/15/2023,Confirmed,NULL,PY060
TR014,TP027,10/8/2023,Recovered,Payment processor error,PY014
TR037,TP025,11/20/2023,Confirmed,NULL,PY074
TR006,TP030,12/5/2023,Abandoned,Personal reasons,NULL
TR023,TP031,1/18/2024,Confirmed,NULL,PY046
TR016,TP032,2/10/2024,Cancelled,Visa issues,PY016
TR041,TP033,3/25/2024,Confirmed,NULL,PY082
TR010,TP034,4/8/2024,Recovered,Disputed charge,PY010
TR028,TP035,5/22/2024,Confirmed,NULL,PY056
TR013,TP036,6/15/2024,Abandoned,Changed mind about trip type,NULL
TR039,TP037,7/30/2024,Confirmed,NULL,PY078
TR020,TP038,8/12/2024,Cancelled,Weather concerns,PY020
TR032,TP039,9/5/2024,Confirmed,NULL,PY064
TR025,TP040,10/18/2024,Recovered,System error during booking,PY050
TR048,TP041,3/28/2023,Confirmed,NULL,PY096
TR018,TP042,4/10/2023,Abandoned,Decided to postpone travel,NULL
TR043,TP043,5/25/2023,Confirmed,NULL,PY086
TR027,TP044,6/8/2023,Cancelled,Partner couldn't join,PY054
TR035,TP045,7/20/2023,Confirmed,NULL,PY070
TR001,TP046,8/15/2023,Recovered,Duplicate booking,PY001
TR044,TP047,9/28/2023,Confirmed,NULL,PY088
TR049,TP048,10/10/2023,Abandoned,Concerns about group size,NULL
TR036,TP049,11/22/2023,Confirmed,NULL,PY072
TR050,TP050,12/15/2023,Cancelled,Unexpected expenses,PY100
TR002,TP001,1/8/2024,Confirmed,NULL,PY002
TR004,TP002,2/20/2024,Recovered,Payment method changed,PY004
TR006,TP003,3/5/2024,Confirmed,NULL,PY006
TR008,TP004,4/18/2024,Abandoned,Found all-inclusive package,NULL
TR010,TP005,5/22/2024,Confirmed,NULL,PY010
TR012,TP006,6/15/2024,Cancelled,Dissatisfied with itinerary changes,PY012
TR014,TP007,7/30/2024,Confirmed,NULL,PY014
TR016,TP008,8/12/2024,Recovered,Booking system timeout,PY016
TR018,TP009,9/5/2024,Confirmed,NULL,PY018
TR020,TP010,10/18/2024,Abandoned,Concerns about safety,NULL
TR022,TP011,3/10/2023,Confirmed,NULL,PY022
TR024,TP012,4/15/2023,Cancelled,Changed to business class,PY024
TR026,TP013,5/22/2023,Confirmed,NULL,PY026
TR028,TP014,6/5/2023,Recovered,Currency conversion issue,PY028
TR030,TP015,7/18/2023,Confirmed,NULL,PY030
TR032,TP016,8/30/2023,Abandoned,Decided on solo travel instead,NULL
TR034,TP017,9/12/2023,Confirmed,NULL,PY034
TR036,TP018,10/25/2023,Cancelled,Medical advice against travel,PY036
TR038,TP019,11/8/2023,Confirmed,NULL,PY038
TR040,TP020,12/15/2023,Recovered,System maintenance during booking,PY040
TR042,TP021,1/10/2024,Confirmed,NULL,PY042
TR044,TP022,2/18/2024,Abandoned,Political instability concerns,NULL
TR046,TP023,3/5/2024,Confirmed,NULL,PY046
TR048,TP024,4/22/2024,Cancelled,Tour operator policy changes,PY048
TR050,TP025,5/30/2024,Confirmed,NULL,PY050
TR001,TP026,6/12/2024,Recovered,Account verification delay,PY051
TR003,TP027,7/25/2024,Confirmed,NULL,PY053
TR005,TP028,8/5/2024,Abandoned,Last-minute work assignment,NULL
TR007,TP029,9/18/2024,Confirmed,NULL,PY057
TR009,TP030,10/1/2024,Cancelled,Dissatisfied with accommodation,PY059
TR011,TP031,3/15/2023,Confirmed,NULL,PY061
TR013,TP032,4/20/2023,Recovered,Fraud alert on payment,PY063
TR015,TP033,5/5/2023,Confirmed,NULL,PY065
TR017,TP034,6/28/2023,Abandoned,Decided on shorter trip,NULL
TR019,TP035,7/10/2023,Confirmed,NULL,PY069
TR021,TP036,8/22/2023,Cancelled,Transportation strikes,PY071
TR023,TP037,9/15/2023,Confirmed,NULL,PY073
TR025,TP038,10/8/2023,Recovered,Booking confirmation not received,PY075
TR027,TP039,11/20/2023,Confirmed,NULL,PY077
TR029,TP040,12/5/2023,Abandoned,Concerns about physical requirements,NULL
TR031,TP041,1/18/2024,Confirmed,NULL,PY081
TR033,TP042,2/10/2024,Cancelled,Natural disaster in destination,PY083
TR035,TP043,3/25/2024,Confirmed,NULL,PY085
TR037,TP044,4/8/2024,Recovered,Website crashed during payment,PY087
TR039,TP045,5/22/2024,Confirmed,NULL,PY089
TR041,TP046,6/15/2024,Abandoned,Decided on cruise instead,NULL
TR043,TP047,7/30/2024,Confirmed,NULL,PY093
TR045,TP048,8/12/2024,Cancelled,Overbooked by operator,PY095
TR047,TP049,9/5/2024,Confirmed,NULL,PY097
TR049,TP050,10/18/2024,Recovered,Price adjustment after booking,PY099
