PaymentID,AmountInDollars,PaymentDate,PaymentMethod,PStatus
PY001,1250,01/05/2023 9:15,Credit Card,Success
PY002,899.99,01/12/2023 14:22,PayPal,Success
PY003,2200.5,02/03/2023 11:45,Bank Transfer,Failed
PY004,750.25,02/18/2023 16:30,Easypaisa,Chargedback
PY005,1800,03/07/2023 10:12,Credit Card,Success
PY006,950.75,03/22/2023 13:20,Sadapay,Success
PY007,3200,04/05/2023 8:45,Bank Transfer,Lost
PY008,1550.4,04/18/2023 15:30,Credit Card,Success
PY009,675.3,05/02/2023 11:15,PayPal,Success
PY010,2850,05/17/2023 09:40,Bank Transfer,Success
PY011,1125.99,06/01/2023 14:25,Credit Card,Failed
PY012,1999,06/15/2023 10:35,Sadapay,Success
PY013,825.5,06/28/2023 13:20,Easypaisa,Success
PY014,4200,07/12/2023 8:50,Bank Transfer,Success
PY015,1575.25,07/25/2023 15:15,Credit Card,Chargedback
PY016,725.1,08/08/2023 11:25,PayPal,Success
PY017,2300.75,08/22/2023 09:30,Credit Card,Success
PY018,3500,09/05/2023 14:45,Bank Transfer,Success
PY019,899.99,09/19/2023 10:20,Sadapay,Failed
PY020,1650.5,10/03/2023 8:35,Credit Card,Success
PY021,2800.25,10/17/2023 15:40,PayPal,Success
PY022,975,10/31/2023 11:25,Easypaisa,Success
PY023,1950,11/14/2023 09:30,Bank Transfer,Lost
PY024,1250.75,11/28/2023 13:45,Credit Card,Success
PY025,3350.5,12/12/2023 8:50,Sadapay,Success
PY026,750.25,12/26/2023 15:15,PayPal,Failed
PY027,1850,01/09/2024 10:20,Credit Card,Success
PY028,2250.99,01/23/2024 14:35,Bank Transfer,Success
PY029,999.5,02/06/2024 8:40,Easypaisa,Success
PY030,2750,02/20/2024 11:25,Credit Card,Chargedback
PY031,1150.75,03/05/2024 9:30,Sadapay,Success
PY032,3900.25,03/19/2024 13:45,Bank Transfer,Success
PY033,850.5,04/02/2024 8:50,PayPal,Success
PY034,1750,04/16/2024 15:15,Credit Card,Failed
PY035,2450.99,04/30/2024 10:20,Easypaisa,Success
PY036,1299.5,05/14/2024 14:35,Bank Transfer,Success
PY037,3100,05/28/2024 08:40,Credit Card,Success
PY038,925.25,06/11/2024 11:25,Sadapay,Lost
PY039,2050.75,06/25/2024 09:30,PayPal,Success
PY040,1500,07/09/2024 13:45,Credit Card,Success
PY041,2650.5,07/23/2024 08:50,Bank Transfer,Success
PY042,1100.25,08/06/2024 15:15,Easypaisa,Failed
PY043,3250,08/20/2024 10:20,Credit Card,Success
PY044,799.99,09/03/2024 14:35,Sadapay,Success
PY045,1850.5,09/17/2024 08:40,PayPal,Success
PY046,2300.75,10/01/2024 11:25,Bank Transfer,Chargedback
PY047,975,10/15/2024 09:30,Credit Card,Success
PY048,2900.25,10/29/2024 13:45,Easypaisa,Success
PY049,1350.5,11/12/2024 8:50,Sadapay,Success
PY050,3550,11/26/2024 15:15,Credit Card,Failed
PY051,1050.75,12/10/2024 10:20,Bank Transfer,Success
PY052,1950.25,12/24/2024 14:35,PayPal,Success
PY053,2750.5,01/07/2025 8:40,Credit Card,Success
PY054,850,01/21/2025 11:25,Easypaisa,Lost
PY055,3150.75,02/04/2025 9:30,Sadapay,Success
PY056,1250.25,02/18/2025 13:45,Bank Transfer,Success
PY057,2050.5,03/04/2025 8:50,Credit Card,Success
PY058,1650,03/18/2025 11:25,PayPal,Failed
PY059,2450.75,04/01/2025 9:30,Easypaisa,Success
PY060,950.25,04/15/2025 13:45,Sadapay,Success
PY061,2850.5,04/29/2025 08:50,Bank Transfer,Success
PY062,1150,05/13/2025 11:25,Credit Card,Chargedback
PY063,2250.75,05/27/2025 09:30,PayPal,Success
PY064,1750.25,06/10/2025 13:45,Easypaisa,Success
PY065,3350.5,06/24/2025 08:50,Sadapay,Failed
PY066,1450,07/08/2025 11:25,Bank Transfer,Success
PY067,2550.75,07/22/2025 09:30,Credit Card,Success
PY068,1950.25,08/05/2025 13:45,PayPal,Success
PY069,950.5,08/19/2025 08:50,Easypaisa,Lost
PY070,2950,09/02/2025 11:26,Sadapay,Success
PY071,1350.75,09/16/2025 09:30,Bank Transfer,Success
PY072,2150.25,09/30/2025 13:45,Credit Card,Success
PY073,1850.5,10/14/2025 08:50,PayPal,Failed
PY074,2650,10/28/2025 11:26,Easypaisa,Success
PY075,1550.75,11/11/2025 9:30,Sadapay,Success
PY076,2350.25,11/25/2025 13:45,Bank Transfer,Success
PY077,1050.5,12/09/2025 8:50,Credit Card,Chargedback
PY078,3050,12/23/2025 11:26,PayPal,Success
PY079,1750.75,01/06/2026 9:30,Easypaisa,Success
PY080,2550.25,01/20/2026 13:45,Sadapay,Failed
PY081,1250.5,02/03/2026 8:50,Bank Transfer,Success
PY082,1950,02/17/2026 11:26,Credit Card,Success
PY083,2750.75,03/03/2026 9:30,PayPal,Success
PY084,1450.25,03/17/2026 13:45,Easypaisa,Lost
PY085,2250.5,03/31/2026 08:50,Sadapay,Success
PY086,1650,04/14/2026 11:26,Bank Transfer,Success
PY087,2450.75,04/28/2026 09:31,Credit Card,Success
PY088,1150.25,05/12/2026 13:45,PayPal,Failed
PY089,2850.5,05/26/2026 08:50,Easypaisa,Success
PY090,2050,06/09/2026 11:26,Sadapay,Success
PY091,1550.75,06/23/2026 09:31,Bank Transfer,Success
PY092,2350.25,07/07/2026 13:45,Credit Card,Success
PY093,1350.5,07/21/2026 08:50,PayPal,Chargedback
PY094,2650,08/04/2026 11:26,Easypaisa,Success
PY095,1850.75,08/18/2026 09:31,Sadapay,Success
PY096,2150.25,09/01/2026 13:45,Bank Transfer,Failed
PY097,1750.5,09/15/2026 08:50,Credit Card,Success
PY098,2550,09/29/2026 11:26,PayPal,Success
PY099,1450.75,10/13/2026 09:31,Easypaisa,Success
PY100,2950.25,10/27/2026 13:46,Sadapay,Success
