TravelerID,Preference
TR001,Cultural
TR001,Luxury
TR002,Historical
TR002,Group
TR003,Leisure
TR003,Luxury
TR004,Historical
TR004,Cultural
TR005,Adventure
TR005,Solo
TR006,Cultural
TR006,Group
TR007,Luxury
TR007,Leisure
TR008,Adventure
TR008,Group
TR009,Leisure
TR009,Luxury
TR010,Historical
TR011,Adventure
TR011,Solo
TR012,Cultural
TR012,Historical
TR013,Luxury
TR013,Leisure
TR014,Group
TR014,Cultural
TR015,Adventure
TR015,Luxury
TR016,Historical
TR016,Group
TR017,Leisure
TR017,Luxury
TR018,Cultural
TR018,Historical
TR019,Group
TR019,Leisure
TR020,Luxury
TR020,Solo
TR021,Cultural
TR021,Leisure
TR022,Historical
TR022,Group
TR023,Adventure
TR023,Luxury
TR024,Cultural
TR024,Historical
TR025,Leisure
TR025,Solo
TR026,Group
TR026,Cultural
TR027,Luxury
TR027,Leisure
TR028,Historical
TR028,Group
TR029,Adventure
TR029,Luxury
TR030,Cultural
TR030,Leisure
TR031,Solo
TR031,Luxury
TR032,Historical
TR032,Cultural
TR033,Group
TR033,Leisure
TR034,Luxury
TR034,Cultural
TR035,Adventure
TR035,Solo
TR036,Historical
TR036,Group
TR037,Leisure
TR037,Luxury
TR038,Cultural
TR038,Historical
TR039,Group
TR039,Leisure
TR040,Luxury
TR040,Cultural
TR041,Adventure
TR041,Solo
TR042,Historical
TR042,Group
TR043,Leisure
TR043,Luxury
TR044,Cultural
TR044,Historical
TR045,Group
TR045,Leisure
TR046,Luxury
TR046,Cultural
TR047,Adventure
TR047,Solo
TR048,Historical
TR048,Group
TR049,Leisure
TR049,Luxury
TR050,Cultural
TR050,Historical
