ReviewID,TravelerID,TripID,ProviderID,Rating,Comment,ReviewDate,IsFlagged
RV001,TR001,TP015,SP004,4,"""Flawless hotel service with attention to detail""",7/12/2023 14:30,0
RV002,TR002,TP009,SP002,3,"""Transport was clean but driver arrived late twice""",8/5/2023 11:45,0
RV003,TR003,TP003,SP007,5,"""Once-in-a-lifetime Amazon experience with expert guides""",11/8/2023 16:20,0
RV004,TR004,TP021,SP010,4,"""Luxurious rooms and stunning views""",4/10/2024 9:15,0
RV005,TR005,TP017,SP005,2,"""Vehicle AC malfunctioned during desert tour""",5/12/2024 13:50,0
RV006,TR006,TP008,SP012,5,"""Whisky tasting with the distillery master was unforgettable""",6/1/2024 10:30,0
RV007,TR007,TP011,SP003,4,"""Safari guides spotted the Big Five every day""",8/3/2024 15:45,0
RV008,TR008,TP024,SP001,3,"""Good basecamp but thin walls affected sleep quality""",8/12/2024 12:10,0
RV009,TR009,TP002,SP008,1,"""Bus broke down for 3 hours in rural Japan""",9/5/2023 14:00,0
RV010,TR010,TP014,SP006,5,"""Trans-Siberian journey was perfectly orchestrated""",7/8/2024 17:30,0
RV011,TR011,TP006,SP004,4,"""Desert camp had authentic Berber hospitality""",6/5/2024 10:20,0
RV012,TR012,TP013,SP009,2,"""Yacht crew seemed inexperienced in rough seas""",6/12/2024 14:50,0
RV013,TR013,TP020,SP002,5,"""Archaeologist guide brought Machu Picchu to life""",8/10/2024 9:30,0
RV014,TR014,TP004,SP011,3,"""Florence hotel was central but elevator frequently out of service""",4/8/2024 16:40,0
RV015,TR015,TP019,SP001,5,"""Front-row at Paris Fashion Week worth every penny""",9/12/2024 10:50,0
RV016,TR016,TP016,SP007,4,"""Antarctic expedition staff handled weather delays professionally""",12/10/2024 15:40,0
RV017,TR017,TP025,SP006,3,"""Some activities felt rushed to fit the schedule""",9/5/2024 10:15,0
RV018,TR018,TP010,SP010,1,"""Venice hotel flooded during acqua alta with no contingency plan""",2/12/2024 11:20,0
RV019,TR019,TP012,SP005,5,"""Bhutan guide's spiritual insights transformed the trek""",9/8/2024 14:25,0
RV020,TR020,TP005,SP009,2,"""Spa treatments were fully booked before our arrival""",5/10/2024 13:10,0
RV021,TR021,TP007,SP008,4,"""Northern lights viewing locations were perfectly chosen""",1/5/2024 15:15,0
RV022,TR022,TP022,SP003,5,"""Photography instructor helped me capture award-winning shots""",6/10/2024 16:35,0
RV023,TR023,TP018,SP004,3,"""Adventure activities were great but equipment needed maintenance""",11/6/2024 14:25,0
RV024,TR024,TP001,SP012,4,"""Swiss chalet had postcard-perfect views""",6/12/2023 9:30,0
RV025,TR025,TP023,SP011,2,"""River cruise ship's kitchen failed hygiene inspection""",7/5/2024 12:20,0
RV026,TR026,TP026,SP002,5,"""Wildlife biologist guide in Canada was extraordinarily knowledgeable""",5/8/2024 11:40,0
RV027,TR027,TP027,SP001,4,"""Vienna concert tickets included backstage access as promised""",6/12/2024 15:25,0
RV028,TR028,TP028,SP006,3,"""Overwater villa was stunning but housekeeping inconsistent""",10/5/2024 17:50,0
RV029,TR029,TP029,SP005,5,"""Silk Road historian made ancient trade routes come alive""",8/12/2024 14:15,0
RV030,TR030,TP030,SP007,4,"""Eco-lodge in Costa Rica blended seamlessly with nature""",11/10/2024 10:30,0
RV031,TR031,TP031,SP010,2,"""Oktoberfest VIP tent overcrowded beyond capacity""",9/8/2024 16:30,0
RV032,TR032,TP032,SP003,5,"""Egyptologist's tomb explanations were mesmerizing""",12/5/2024 9:20,0
RV033,TR033,TP033,SP012,4,"""Ski-in/ski-out chalet delivered perfect alpine convenience""",1/10/2025 14:50,0
RV034,TR034,TP034,SP009,3,"""Bali surf instructors were patient with beginners""",2/8/2025 11:15,0
RV035,TR035,TP035,SP004,1,"""Gal�pagos cruise ship had persistent plumbing issues""",3/10/2025 13:40,0
RV036,TR036,TP036,SP011,5,"""Tuscan vineyard owners treated us like family""",9/12/2025 10:25,0
RV037,TR037,TP037,SP002,4,"""Transylvania castle tour was atmospheric but overly commercialized""",4/10/2025 15:20,0
RV038,TR038,TP038,SP008,2,"""Seychelles transfer boats frequently ran late""",5/8/2025 16:45,0
RV039,TR039,TP039,SP006,5,"""Patagonia glacier guides ensured safety in extreme conditions""",6/10/2025 9:30,0
RV040,TR040,TP040,SP005,4,"""Istanbul bazaar shopping tips saved us from tourist traps""",7/12/2025 12:10,0
RV041,TR041,TP041,SP001,3,"""Monaco Grand Prix yacht had limited viewing angles""",5/10/2025 11:50,0
RV042,TR042,TP042,SP007,5,"""Vietnamese cooking class revealed authentic local techniques""",8/5/2025 15:20,0
RV043,TR043,TP043,SP010,4,"""Fjord kayaking guides adapted perfectly to weather changes""",9/8/2025 10:45,0
RV044,TR044,TP044,SP003,2,"""Santorini villa's promised caldera view was partially obstructed""",10/10/2025 14:30,0
RV045,TR045,TP045,SP009,5,"""Scotch whisky masterclass included rare tastings""",11/8/2025 16:15,0
RV046,TR046,TP046,SP012,4,"""Amazon riverboat had exceptional naturalist guides""",1/8/2026 9:40,0
RV047,TR047,TP047,SP004,3,"""Rajasthan palace staff were attentive but overly formal""",2/10/2026 13:20,0
RV048,TR048,TP048,SP011,1,"""Antarctic photography equipment rentals were substandard""",3/10/2026 15:50,0
RV049,TR049,TP049,SP002,5,"""Provence lavender fields exceeded all expectations""",6/8/2026 10:30,0
RV050,TR050,TP050,SP008,4,"""Tokyo tech tours perfectly balanced tradition and innovation""",4/5/2026 11:20,0
