ServiceID,ProviderID,SType,ServiceCostInDollars,MaxCapacity,AvailableCapacity
SV001,SP001,Accepted,1200,200,45
SV002,SP002,Accepted,850,12,5
SV003,SP003,Pending,500,15,8
SV004,SP004,Accepted,950,150,22
SV005,SP005,Rejected,700,20,7
SV006,SP006,Accepted,400,10,3
SV007,SP007,Accepted,1800,180,32
SV008,SP008,Pending,2500,8,2
SV009,SP009,Accepted,350,12,5
SV010,SP010,Rejected,1100,120,18
SV011,SP011,Accepted,900,30,10
SV012,SP012,Accepted,300,8,2
SV013,SP013,Pending,1300,90,12
SV014,SP014,Accepted,650,15,4
SV015,SP015,Accepted,250,6,1
SV016,SP016,Accepted,2000,250,50
SV017,SP017,Rejected,3500,4,1
SV018,SP018,Accepted,280,10,3
SV019,SP019,Accepted,1600,175,28
SV020,SP020,Pending,950,25,8
SV021,SP021,Accepted,420,8,2
SV022,SP022,Accepted,1250,140,20
SV023,SP023,Rejected,800,18,5
SV024,SP024,Accepted,200,5,1
SV025,SP025,Accepted,2200,220,42
SV026,SP026,Pending,750,10,3
SV027,SP027,Accepted,380,12,4
SV028,SP028,Accepted,1700,160,25
SV029,SP029,Rejected,550,50,15
SV030,SP030,Accepted,320,6,1
SV031,SP031,Accepted,1400,110,16
SV032,SP032,Pending,5000,3,1
SV033,SP033,Accepted,450,8,2
SV034,SP034,Accepted,1050,95,10
SV035,SP035,Accepted,850,40,12
SV036,SP036,Rejected,370,10,3
SV037,SP037,Accepted,1900,130,22
SV038,SP038,Accepted,720,12,4
SV039,SP039,Pending,290,15,5
SV040,SP040,Accepted,2300,210,38
SV041,SP041,Accepted,680,6,2
SV042,SP042,Accepted,520,8,1
SV043,SP043,Rejected,1500,85,12
SV044,SP044,Accepted,4200,2,0
SV045,SP045,Accepted,480,6,2
SV046,SP046,Accepted,1950,180,30
SV047,SP047,Pending,920,8,3
SV048,SP048,Accepted,580,10,3
SV049,SP049,Accepted,2100,150,25
SV050,SP050,Rejected,780,5,2
