ProviderID,SPName,SPType,Email,SPPassword,OnTimePerformance,RegistrationDate,LastLogin,AccountStatus
SP001,The Royal Palace Hotel,Hotel,stay@royalpalacehotel.com,Palace123,98.5,3/15/2020 10:20,6/18/2023 14:30,Active
SP002,Imperial Limousines,Transport,rides@imperiallimo.com,Imperial456,95.2,4/10/2020 14:45,7/22/2023 11:15,Active
SP003,Golden Compass Guides,Guide,guides@goldencompass.com,Compass789,,5/5/2020 9:30,8/30/2023 16:20,Active
SP004,Sapphire Resort,Hotel,bookings@sapphireresort.com,Sapphire321,96.8,6/20/2020 16:10,9/15/2023 10:45,Active
SP005,Crown Chauffeurs,Transport,drive@crownchauffeurs.com,Crown654,97.3,7/12/2020 11:25,10/5/2023 14:15,Active
SP006,Heritage Tour Experts,Guide,info@heritageexperts.com,Heritage987,,8/25/2020 13:40,11/12/2023 9:50,Active
SP007,The Grand Marquee,Hotel,reservations@grandmarquee.com,Marquee135,95.6,9/18/2020 15:20,12/18/2023 16:30,Active
SP008,Platinum Air Charter,Transport,fly@platinumair.com,Platinum246,99.1,10/5/2020 10:15,1/5/2024 11:25,Active
SP009,Ancient Wonders Guides,Guide,tours@ancientwonders.com,Ancient357,,11/22/2020 14:50,2/20/2024 14:40,Active
SP010,The Regal Suites,Hotel,book@regalsuites.com,Regal468,97.9,12/10/2020 9:45,3/15/2024 10:15,Inactive
SP011,Diamond Coach Services,Transport,travel@diamondcoach.com,Diamond579,96.2,1/15/2021 16:30,4/22/2024 13:50,Active
SP012,Culinary Tour Masters,Guide,eat@culinarymasters.com,Culinary680,,2/20/2021 11:10,5/30/2024 15:20,Active
SP013,The Noble Residence,Hotel,stay@nobleresidence.com,Noble791,98.4,3/5/2021 14:25,6/18/2024 9:30,Active
SP014,First Class Transfers,Transport,book@firstclasstransfers.com,First802,95.7,4/18/2021 10:40,7/5/2024 16:45,Inactive
SP015,Wildlife Safari Guides,Guide,safari@wildlifeguides.com,Wildlife913,,5/22/2021 13:15,8/12/2024 11:10,Active
SP016,The Imperial Towers,Hotel,info@imperialtowers.com,Imperial024,96.5,6/30/2021 9:20,9/15/2024 14:25,Active
SP017,Royal Yacht Charters,Transport,sail@royalyacht.com,Yacht135,97.8,7/15/2021 16:45,10/8/2024 10:50,Active
SP018,Art History Experts,Guide,art@historyexperts.com,Art246,,8/20/2021 11:30,11/20/2024 15:15,Active
SP019,The Grand Monarch Hotel,Hotel,reservations@grandmonarch.com,Monarch357,98.2,9/5/2021 14:10,12/5/2024 9:40,Active
SP020,Elite Airport Transfers,Transport,transfer@eliteairport.com,Elite468,99.5,10/12/2021 10:25,1/10/2025 16:20,Active
SP021,Wine Country Guides,Guide,tours@winecountryguides.com,Wine579,,11/18/2021 15:50,2/15/2025 11:30,Active
SP022,The Sapphire Palace,Hotel,book@sapphirepalace.com,Sapphire680,95.9,12/5/2021 9:15,3/22/2025 14:45,Active
SP023,Luxe Coach Network,Transport,ride@luxecoach.com,Luxe791,96.4,1/10/2022 13:40,4/5/2025 10:10,Inactive
SP024,Mountain Expedition Guides,Guide,climb@mountainguides.com,Mountain802,,2/15/2022 16:20,5/18/2025 15:30,Active
SP025,The Crown Plaza,Hotel,stay@crownplaza.com,Crown913,97.3,3/22/2022 10:55,6/10/2025 9:25,Active
SP026,Executive Car Services,Transport,drive@executivecars.com,Executive024,98.6,4/5/2022 14:30,7/15/2025 16:50,Active
SP027,Cultural Immersion Guides,Guide,experience@culturalguides.com,Cultural135,,5/18/2022 11:45,8/20/2025 11:40,Active
SP028,The Regent Grand,Hotel,book@regentgrand.com,Regent246,96.7,6/22/2022 9:10,9/5/2025 14:15,Active
SP029,First Class Rail,Transport,travel@firstclassrail.com,Rail357,95.8,7/30/2022 15:25,10/12/2025 10:30,Active
SP030,Photography Tour Guides,Guide,shoot@photoguides.com,Photo468,,8/14/2022 12:50,11/18/2025 15:20,Active
SP031,The Noble Grand,Hotel,reservations@noblegrand.com,Noble579,98.1,9/5/2022 10:35,12/5/2025 9:50,Active
SP032,VIP Helicopter Services,Transport,fly@viphelicopters.com,VIP680,99.2,10/18/2022 14:15,1/10/2026 16:40,Active
SP033,Architectural Tour Experts,Guide,tours@architectureguides.com,Arch791,,11/22/2022 11:20,2/15/2026 11:25,Active
SP034,The Imperial Gardens,Hotel,stay@imperialgardens.com,Gardens802,97.5,12/5/2022 16:40,3/22/2026 14:50,Inactive
SP035,Luxury Bus Network,Transport,travel@luxurybus.com,Luxury913,96.9,1/10/2023 9:25,4/5/2026 10:15,Active
SP036,Wine & Dine Guides,Guide,gourmet@winedineguides.com,Gourmet024,,2/15/2023 13:50,5/18/2026 15:30,Active
SP037,The Royal Vista,Hotel,book@royalvista.com,Vista135,98.3,3/20/2023 10:10,6/10/2026 9:20,Active
SP038,Black Car Services,Transport,ride@blackcars.com,Black246,97.2,4/5/2023 15:45,7/15/2026 16:30,Active
SP039,Historical Reenactment Guides,Guide,history@reenactmentguides.com,Reenact357,,5/18/2023 11:30,8/20/2026 11:45,Active
SP040,The Grand Sapphire,Hotel,stay@grandsapphire.com,Grand468,96.1,6/22/2023 14:20,9/5/2026 14:10,Active
SP041,Luxury Water Taxis,Transport,sail@luxurywatertaxis.com,Water579,95.4,7/30/2023 9:50,10/12/2026 10:40,Active
SP042,Music Festival Guides,Guide,festivals@musicguides.com,Music680,,8/14/2023 16:35,11/18/2026 15:50,Active
SP043,The Regal Orchid,Hotel,book@regalorchid.com,Orchid791,98.7,9/5/2023 10:45,12/5/2026 9:30,Active
SP044,Executive Jet Services,Transport,fly@executivejets.com,Jet802,99.3,10/18/2023 13:15,1/10/2027 16:20,Active
SP045,Literary Tour Guides,Guide,books@literaryguides.com,Literary913,,11/22/2023 11:40,2/15/2027 11:35,Active
SP046,The Noble Heights,Hotel,stay@nobleheights.com,Heights024,97.8,12/5/2023 15:20,3/22/2027 14:55,Active
SP047,Vintage Car Tours,Transport,drive@vintagecartours.com,Vintage135,96.3,1/10/2024 9:15,4/5/2027 10:25,Active
SP048,Culinary History Guides,Guide,cook@culinaryhistory.com,Cook246,,2/15/2024 14:50,5/18/2027 15:40,Active
SP049,The Imperial Harbor,Hotel,book@imperialharbor.com,Harbor357,98.9,3/20/2024 10:30,6/10/2027 9:10,Active
SP050,Luxury RV Rentals,Transport,travel@luxuryrv.com,RV468,95.7,4/5/2024 16:55,7/15/2027 16:35,Active
