TravelerID,TripID,BookingDate,BStatus,AbandonmentReason,PaymentID,VoucherID
TR001,TP012,3/10/2023,Confirmed,NULL,PY019,NULL
TR045,TP005,4/15/2023,Cancelled,Schedule conflict,PY045,NULL
TR022,TP008,5/22/2023,Confirmed,NULL,PY078,NULL
TR003,TP019,6/5/2023,Recovered,Payment issues,PY003,NULL
TR038,TP003,7/18/2023,Confirmed,NULL,PY062,NULL
TR017,TP014,8/30/2023,Abandoned,Found better alternative,NULL,NULL
TR029,TP007,9/12/2023,Confirmed,NULL,PY091,NULL
TR005,TP022,10/25/2023,Cancelled,Health reasons,PY005,NULL
TR012,TP011,11/8/2023,Confirmed,NULL,PY034,NULL
TR031,TP016,12/15/2023,Recovered,Initial payment failed,PY057,NULL
TR008,TP009,1/10/2024,Confirmed,NULL,PY008,NULL
TR024,TP024,2/18/2024,Abandoned,Changed travel preferences,NULL,NULL
TR042,TP002,3/5/2024,Confirmed,NULL,PY084,NULL
TR015,TP017,4/22/2024,Cancelled,Financial constraints,PY015,NULL
TR033,TP020,5/30/2024,Confirmed,NULL,PY066,NULL
TR007,TP013,6/12/2024,Recovered,Credit card expired,PY007,NULL
TR019,TP006,7/25/2024,Confirmed,NULL,PY029,NULL
TR026,TP021,8/5/2024,Abandoned,Decided on different destination,NULL,NULL
TR040,TP004,9/18/2024,Confirmed,NULL,PY080,NULL
TR002,TP018,10/1/2024,Cancelled,Family emergency,PY002,NULL
TR011,TP010,3/15/2023,Confirmed,NULL,PY011,NULL
TR034,TP023,4/20/2023,Recovered,Bank transfer delay,PY068,NULL
TR009,TP015,5/5/2023,Confirmed,NULL,PY009,NULL
TR021,TP001,6/28/2023,Abandoned,Found cheaper option,NULL,NULL
TR047,TP028,7/10/2023,Confirmed,NULL,PY094,NULL
TR004,TP026,8/22/2023,Cancelled,Work commitment,PY004,NULL
TR030,TP029,9/15/2023,Confirmed,NULL,PY060,NULL
TR014,TP027,10/8/2023,Recovered,Payment processor error,PY014,NULL
TR037,TP025,11/20/2023,Confirmed,NULL,PY074,NULL
TR006,TP030,12/5/2023,Abandoned,Personal reasons,NULL,NULL
TR023,TP031,1/18/2024,Confirmed,NULL,PY046,NULL
TR016,TP032,2/10/2024,Cancelled,Visa issues,PY016,NULL
TR041,TP033,3/25/2024,Confirmed,NULL,PY082,NULL
TR010,TP034,4/8/2024,Recovered,Disputed charge,PY010,NULL
TR028,TP035,5/22/2024,Confirmed,NULL,PY056,NULL
TR013,TP036,6/15/2024,Abandoned,Changed mind about trip type,NULL,NULL
TR039,TP037,7/30/2024,Confirmed,NULL,PY078,NULL
TR020,TP038,8/12/2024,Cancelled,Weather concerns,PY020,NULL
TR032,TP039,9/5/2024,Confirmed,NULL,PY064,NULL
TR025,TP040,10/18/2024,Recovered,System error during booking,PY050,NULL
TR048,TP041,3/28/2023,Confirmed,NULL,PY096,NULL
TR018,TP042,4/10/2023,Abandoned,Decided to postpone travel,NULL,NULL
TR043,TP043,5/25/2023,Confirmed,NULL,PY086,NULL
TR027,TP044,6/8/2023,Cancelled,Partner couldn't join,PY054,NULL
TR035,TP045,7/20/2023,Confirmed,NULL,PY070,NULL
TR001,TP046,8/15/2023,Recovered,Duplicate booking,PY001,NULL
TR044,TP047,9/28/2023,Confirmed,NULL,PY088,NULL
TR049,TP048,10/10/2023,Abandoned,Concerns about group size,NULL,NULL
TR036,TP049,11/22/2023,Confirmed,NULL,PY072,NULL
TR050,TP050,12/15/2023,Cancelled,Unexpected expenses,PY100,NULL
TR002,TP001,1/8/2024,Confirmed,NULL,PY002,NULL
TR004,TP002,2/20/2024,Recovered,Payment method changed,PY004,NULL
TR006,TP003,3/5/2024,Confirmed,NULL,PY006,NULL
TR008,TP004,4/18/2024,Abandoned,Found all-inclusive package,NULL,NULL
TR010,TP005,5/22/2024,Confirmed,NULL,PY010,NULL
TR012,TP006,6/15/2024,Cancelled,Dissatisfied with itinerary changes,PY012,NULL
TR014,TP007,7/30/2024,Confirmed,NULL,PY014,NULL
TR016,TP008,8/12/2024,Recovered,Booking system timeout,PY016,NULL
TR018,TP009,9/5/2024,Confirmed,NULL,PY018,NULL
TR020,TP010,10/18/2024,Abandoned,Concerns about safety,NULL,NULL
TR022,TP011,3/10/2023,Confirmed,NULL,PY022,NULL
TR024,TP012,4/15/2023,Cancelled,Changed to business class,PY024,NULL
TR026,TP013,5/22/2023,Confirmed,NULL,PY026,NULL
TR028,TP014,6/5/2023,Recovered,Currency conversion issue,PY028,NULL
TR030,TP015,7/18/2023,Confirmed,NULL,PY030,NULL
TR032,TP016,8/30/2023,Abandoned,Decided on solo travel instead,NULL,NULL
TR034,TP017,9/12/2023,Confirmed,NULL,PY034,NULL
TR036,TP018,10/25/2023,Cancelled,Medical advice against travel,PY036,NULL
TR038,TP019,11/8/2023,Confirmed,NULL,PY038,NULL
TR040,TP020,12/15/2023,Recovered,System maintenance during booking,PY040,NULL
TR042,TP021,1/10/2024,Confirmed,NULL,PY042,NULL
TR044,TP022,2/18/2024,Abandoned,Political instability concerns,NULL,NULL
TR046,TP023,3/5/2024,Confirmed,NULL,PY046,NULL
TR048,TP024,4/22/2024,Cancelled,Tour operator policy changes,PY048,NULL
TR050,TP025,5/30/2024,Confirmed,NULL,PY050,NULL
TR001,TP026,6/12/2024,Recovered,Account verification delay,PY051,NULL
TR003,TP027,7/25/2024,Confirmed,NULL,PY053,NULL
TR005,TP028,8/5/2024,Abandoned,Last-minute work assignment,NULL,NULL
TR007,TP029,9/18/2024,Confirmed,NULL,PY057,NULL
TR009,TP030,10/1/2024,Cancelled,Dissatisfied with accommodation,PY059,NULL
TR011,TP031,3/15/2023,Confirmed,NULL,PY061,NULL
TR013,TP032,4/20/2023,Recovered,Fraud alert on payment,PY063,NULL
TR015,TP033,5/5/2023,Confirmed,NULL,PY065,NULL
TR017,TP034,6/28/2023,Abandoned,Decided on shorter trip,NULL,NULL
TR019,TP035,7/10/2023,Confirmed,NULL,PY069,NULL
TR021,TP036,8/22/2023,Cancelled,Transportation strikes,PY071,NULL
TR023,TP037,9/15/2023,Confirmed,NULL,PY073,NULL
TR025,TP038,10/8/2023,Recovered,Booking confirmation not received,PY075,NULL
TR027,TP039,11/20/2023,Confirmed,NULL,PY077,NULL
TR029,TP040,12/5/2023,Abandoned,Concerns about physical requirements,NULL,NULL
TR031,TP041,1/18/2024,Confirmed,NULL,PY081,NULL
TR033,TP042,2/10/2024,Cancelled,Natural disaster in destination,PY083,NULL
TR035,TP043,3/25/2024,Confirmed,NULL,PY085,NULL
TR037,TP044,4/8/2024,Recovered,Website crashed during payment,PY087,NULL
TR039,TP045,5/22/2024,Confirmed,NULL,PY089,NULL
TR041,TP046,6/15/2024,Abandoned,Decided on cruise instead,NULL,NULL
TR043,TP047,7/30/2024,Confirmed,NULL,PY093,NULL
TR045,TP048,8/12/2024,Cancelled,Overbooked by operator,PY095,NULL
TR047,TP049,9/5/2024,Confirmed,NULL,PY097,NULL
TR049,TP050,10/18/2024,Recovered,Price adjustment after booking,PY099,NULL
