ServiceID,ProviderID,SType,ServiceCostInDollars,MaxCapacity,AvailableCapacity
SV001,SP001,Presidential Suite,1200,20,5
SV002,SP001,Spa Package,250,15,6
SV003,SP002,Luxury Limo Transfer,300,4,1
SV004,SP002,Hourly Charter,180,6,3
SV005,SP003,Full-Day Guided Tour,350,12,4
SV006,SP004,Ocean View Room,800,50,12
SV007,SP004,Conference Hall,1500,100,25
SV008,SP005,Airport Shuttle,120,8,3
SV009,SP006,Historical Walk,200,10,3
SV010,SP007,Honeymoon Suite,950,15,4
SV011,SP008,Private Jet Charter,5000,8,1
SV012,SP009,Archaeological Tour,280,8,2
SV013,SP010,Executive Lounge,400,30,10
SV014,SP011,Intercity Coach,150,40,15
SV015,SP012,Gourmet Food Tour,220,8,2
SV016,SP013,Royal Suite,1800,10,2
SV017,SP014,Luxury Sedan,200,3,1
SV018,SP015,Wildlife Safari,450,8,2
SV019,SP016,Rooftop Pool Access,100,40,15
SV020,SP017,Yacht Rental,3000,12,3
SV021,SP018,Art Gallery Tour,180,10,3
SV022,SP019,Grand Ballroom,2000,200,50
SV023,SP020,VIP Meet & Greet,300,2,1
SV024,SP021,Vineyard Tour,250,12,4
SV025,SP022,Business Center,150,20,8
SV026,SP023,Luxury Bus,350,20,6
SV027,SP024,Mountain Expedition,400,6,2
SV028,SP025,All-Inclusive Stay,800,100,25
SV029,SP026,Executive Transfer,180,3,1
SV030,SP027,Cultural Workshop,150,15,5
SV031,SP028,Wedding Package,2500,150,30
SV032,SP029,First Class Cabin,600,30,10
SV033,SP030,Photography Session,200,5,2
SV034,SP031,Penthouse Rental,2200,8,1
SV035,SP032,Helicopter Tour,800,3,1
SV036,SP033,Architecture Tour,180,12,4
SV037,SP034,Garden Villa,650,25,8
SV038,SP035,Luxury Bus Charter,400,25,7
SV039,SP036,Wine Tasting Tour,220,10,3
SV040,SP037,Panoramic Suite,950,15,4
SV041,SP038,Black Car Service,250,3,1
SV042,SP039,Historical Reenactment,300,8,2
SV043,SP040,Sapphire Suite,1100,20,5
SV044,SP041,Water Taxi,180,6,2
SV045,SP042,Music Festival Guide,200,8,2
SV046,SP043,Orchid Suite,850,15,4
SV047,SP044,Private Jet,6000,6,1
SV048,SP045,Literary Tour,180,10,3
SV049,SP046,Skyline View Room,700,30,8
SV050,SP047,Vintage Car Tour,350,4,1
