TripID,ServiceID,OperatorID,ProviderID,SAStatus
TP001,SV001,TO001,SP001,Accepted
TP001,SV002,TO001,SP001,Accepted
TP001,SV005,TO001,SP003,Pending
TP002,SV004,TO002,SP002,Accepted
TP002,SV006,TO002,SP004,Accepted
TP002,SV007,TO002,SP004,Rejected
TP003,SV008,TO003,SP005,Accepted
TP003,SV009,TO003,SP006,Accepted
TP003,SV010,TO003,SP007,Pending
TP004,SV011,TO004,SP008,Accepted
TP004,SV012,TO004,SP009,Accepted
TP004,SV013,TO004,SP010,Rejected
TP005,SV014,TO005,SP011,Accepted
TP005,SV015,TO005,SP012,Accepted
TP005,SV016,TO005,SP013,Pending
TP006,SV017,TO006,SP014,Accepted
TP006,SV018,TO006,SP015,Accepted
TP006,SV019,TO006,SP016,Rejected
TP007,SV020,TO007,SP017,Accepted
TP007,SV021,TO007,SP018,Accepted
TP007,SV022,TO007,SP019,Pending
TP008,SV023,TO008,SP020,Accepted
TP008,SV024,TO008,SP021,Accepted
TP008,SV025,TO008,SP022,Rejected
TP009,SV026,TO009,SP023,Accepted
TP009,SV027,TO009,SP024,Accepted
TP009,SV028,TO009,SP025,Pending
TP010,SV029,TO010,SP026,Accepted
TP010,SV030,TO010,SP027,Accepted
TP010,SV031,TO010,SP028,Rejected
TP011,SV032,TO011,SP029,Accepted
TP011,SV033,TO011,SP030,Accepted
TP011,SV034,TO011,SP031,Pending
TP012,SV035,TO012,SP032,Accepted
TP012,SV036,TO012,SP033,Accepted
TP012,SV037,TO012,SP034,Rejected
TP013,SV038,TO013,SP035,Accepted
TP013,SV039,TO013,SP036,Accepted
TP013,SV040,TO013,SP037,Pending
TP014,SV041,TO014,SP038,Accepted
TP014,SV042,TO014,SP039,Accepted
TP014,SV043,TO014,SP040,Rejected
TP015,SV044,TO015,SP041,Accepted
TP015,SV045,TO015,SP042,Accepted
TP015,SV046,TO015,SP043,Pending
TP016,SV047,TO016,SP044,Accepted
TP016,SV048,TO016,SP045,Accepted
TP016,SV049,TO016,SP046,Rejected
TP017,SV050,TO017,SP047,Accepted
