OperatorID,CompanyName,Email,TOPassword,Phone,Rating,RegistrationDate,LastLogin,AccountStatus
TO001,Royal Expeditions Ltd.,contact@royalexpeditions.com,RegalPass123,+44 20 7123 4567,4.8,1/15/2020 9:30,6/20/2023 14:25,Active
TO002,Imperial Journeys,info@imperialjourneys.com,Imperial456,+44 20 7123 5678,4.6,02/10/2020 11:15,07/12/2023 10:30,Active
TO003,Crown Adventures,enquiries@crownadventures.com,Crown789,+44 20 7123 6789,4.9,03/05/2020 14:20,08/05/2023 15:20,Active
TO004,Noble Travel Group,sales@nobletravel.com,Noble321,+44 20 7123 7890,4.5,4/18/2020 10:45,09/10/2023 12:10,Active
TO005,Sovereign Tours,book@sovereigntours.com,Sovereign654,+44 20 7123 8901,4.7,5/22/2020 16:30,10/15/2023 14:45,Active
TO006,Monarch Excursions,hello@monarchexcursions.com,Monarch987,+44 20 7123 9012,4.4,6/30/2020 13:10,11/20/2023 11:30,Active
TO007,Regal Voyages,support@regalvoyages.com,Regal135,+44 20 7123 0123,4.8,07/12/2020 8:20,12/05/2023 16:15,Active
TO008,Aristocrat Travel,info@aristocrat-travel.com,Aristocrat246,+44 20 7123 1234,2.6,8/25/2020 14:50,01/10/2024 13:40,Active
TO009,Grandeur Getaways,bookings@grandeurgetaways.com,Grandeur369,+44 20 7123 2345,2.9,09/03/2020 10:15,2/18/2024 15:25,Active
TO010,Majestic Horizons,travel@majestichorizons.com,Majestic480,+44 20 7123 3456,2.7,10/19/2020 16:30,3/22/2024 12:50,Inactive
TO011,Elite Kingdom Tours,tours@elitekingdom.com,Elite582,+44 20 7123 4567,2.5,11/05/2020 9:45,4/15/2024 11:20,Active
TO012,Blueblood Adventures,explore@bluebloodadventures.com,Blueblood693,+44 20 7123 5678,2.8,12/12/2020 14:20,5/30/2024 17:45,Active
TO013,Dynasty Discoveries,discover@dynastydiscoveries.com,Dynasty714,+44 20 7123 6789,2.6,01/08/2021 11:10,6/22/2024 10:15,Active
TO014,Imperial Majesty Travel,journeys@imperialmajesty.com,Imperial825,+44 20 7123 7890,2.9,2/14/2021 16:40,07/10/2024 15:30,Inactive
TO015,Crown Jewel Expeditions,info@crownjewelexpeditions.com,Jewel936,+44 20 7123 8901,4.7,3/21/2021 10:25,8/18/2024 12:40,Active
TO016,Noble Heritage Tours,book@nobleheritage.com,Heritage147,+44 20 7123 9012,4.5,04/05/2021 13:15,09/05/2024 16:20,Active
TO017,Regal Compass Travel,enquiries@regalcompass.com,Compass258,+44 20 7123 0123,4.8,5/17/2021 15:50,10/12/2024 11:10,Active
TO018,Sovereign Destinations,travel@sovereigndestinations.com,Sovereign369,+44 20 7123 1234,4.6,6/22/2021 8:30,11/08/2024 15:45,Active
TO019,Grand Monarch Journeys,journeys@grandmonarch.com,Monarch470,+44 20 7123 2345,4.9,7/30/2021 12:45,12/15/2024 10:30,Active
TO020,Aristocrat Expeditions,explore@aristocratexpeditions.com,Aristocrat581,+44 20 7123 3456,4.7,8/14/2021 9:20,01/05/2025 17:20,Active
TO021,Imperial Crown Vacations,vacations@imperialcrown.com,Crown692,+44 20 7123 4567,4.5,9/19/2021 14:10,02/10/2025 12:45,Active
TO022,Royal Scepter Tours,tours@royalscepter.com,Scepter703,+44 20 7123 5678,4.8,10/25/2021 10:55,3/18/2025 14:15,Active
TO023,Noble Odyssey Travel,odyssey@nobletravel.com,Odyssey814,+44 20 7123 6789,4.6,11/08/2021 16:20,04/05/2025 11:30,Inactive
TO024,Regal Heritage Adventures,adventures@regalheritage.com,Heritage925,+44 20 7123 7890,4.9,12/12/2021 11:30,5/20/2025 15:50,Active
TO025,Sovereign Grand Tours,grand@sovereigntours.com,Grand036,+44 20 7123 8901,4.7,1/15/2022 9:10,06/10/2025 17:10,Active
TO026,Majestic Compass Expeditions,compass@majesticexpeditions.com,Majestic147,+44 20 7123 9012,4.5,2/20/2022 14:45,07/05/2025 12:25,Active
TO027,Crown & Anchor Travel,anchor@crownandanchor.com,Anchor258,+44 20 7123 0123,4.8,03/05/2022 10:20,08/12/2025 10:40,Active
TO028,Imperial Grandeur Journeys,grandeur@imperialjourneys.com,Grandeur369,+44 20 7123 1234,4.6,4/18/2022 13:35,9/15/2025 15:15,Active
TO029,Noble Scepter Vacations,vacations@noblescepter.com,Scepter470,+44 20 7123 2345,4.9,5/22/2022 15:50,10/08/2025 11:50,Active
TO030,Regal Odyssey Adventures,odyssey@regaladventures.com,Odyssey581,+44 20 7123 3456,4.7,6/30/2022 11:25,11/20/2025 14:30,Active
TO031,Sovereign Heritage Tours,heritage@sovereigntours.com,Heritage692,+44 20 7123 4567,4.5,7/15/2022 9:40,12/05/2025 16:45,Active
TO032,Majestic Crown Expeditions,crown@majesticexpeditions.com,Crown703,+44 20 7123 5678,4.8,8/20/2022 14:15,01/10/2026 12:20,Active
TO033,Imperial Noble Travel,noble@imperialtravel.com,Noble814,+44 20 7123 6789,4.6,09/05/2022 10:50,2/15/2026 10:30,Active
TO034,Royal Grandeur Getaways,grandeur@royalgetaways.com,Grandeur925,+44 20 7123 7890,4.9,10/12/2022 16:30,3/22/2026 15:40,Inactive
TO035,Crown & Compass Adventures,compass@crownadventures.com,Compass036,+44 20 7123 8901,4.7,11/18/2022 11:15,04/10/2026 17:25,Active
TO036,Sovereign Odyssey Journeys,odyssey@sovereignjourneys.com,Odyssey147,+44 20 7123 9012,4.5,12/05/2022 13:45,5/18/2026 11:15,Active
TO037,Regal Scepter Expeditions,scepter@regalexpeditions.com,Scepter258,+44 20 7123 0123,4.8,01/10/2023 9:20,06/05/2026 15:50,Active
TO038,Noble Majesty Travel,majesty@nobletravel.com,Majesty369,+44 20 7123 1234,4.6,2/15/2023 14:10,07/12/2026 12:30,Active
TO039,Imperial Heritage Vacations,heritage@imperialvacations.com,Heritage470,+44 20 7123 2345,4.9,3/20/2023 10:40,8/15/2026 10:45,Active
TO040,Royal Sovereign Tours,sovereign@royaltours.com,Sovereign581,+44 20 7123 3456,4.7,04/05/2023 15:25,9/20/2026 17:10,Active
TO041,Crown Grand Adventures,grand@crownadventures.com,Grand692,+44 20 7123 4567,4.5,05/12/2023 11:50,10/05/2026 11:20,Active
TO042,Majestic Odyssey Travel,odyssey@majestictravel.com,Odyssey703,+44 20 7123 5678,4.8,6/18/2023 14:30,11/15/2026 14:45,Active
TO043,Imperial Compass Journeys,compass@imperialjourneys.com,Compass814,+44 20 7123 6789,4.6,7/22/2023 9:15,12/10/2026 16:30,Active
TO044,Noble Crown Expeditions,crown@nobleexpeditions.com,Crown925,+44 20 7123 7890,4.9,08/05/2023 16:40,01/05/2027 12:15,Active
TO045,Regal Heritage Vacations,heritage@regalvacations.com,Heritage036,+44 20 7123 8901,4.7,09/10/2023 10:55,2/18/2027 15:20,Active
TO046,Sovereign Majesty Tours,majesty@sovereigntours.com,Majesty147,+44 20 7123 9012,4.5,10/15/2023 13:20,3/22/2027 11:45,Active
TO047,Crown Odyssey Adventures,odyssey@crownadventures.com,Odyssey258,+44 20 7123 0123,4.8,11/20/2023 15:10,04/05/2027 17:30,Active
TO048,Imperial Scepter Travel,scepter@imperialtravel.com,Scepter369,+44 20 7123 1234,4.6,12/05/2023 11:45,05/10/2027 10:20,Active
TO049,Royal Noble Journeys,noble@royaljourneys.com,Noble470,+44 20 7123 2345,4.9,01/10/2024 14:50,6/15/2027 13:40,Active
TO050,Grand Sovereign Expeditions,sovereign@grandexpeditions.com,Sovereign581,+44 20 7123 3456,4.7,2/15/2024 10:30,7/20/2027 16:10,Active
