TravelerID,FullName,Email,TPassword,PhoneNumber,Nationality,Age,AccountStatus,RegistrationDate,LastLogin
TR001,Lady Eleanor Winthrop,eleanor.w@royalmail.com,securePass123,+44 20 7946 0958,British,42,Active,1/15/2022 10:30,6/20/2023 14:45
TR002,Sir Reginald Pembroke,reginald.p@aristocrat.com,noblePass456,+44 20 7946 1234,British,58,Active,2/10/2022 11:15,7/12/2023 9:30
TR003,Countess Isabella Montague,isabella.m@noblehouse.com,royalPass789,+44 20 7946 2345,Italian,35,Active,3/5/2022 14:20,8/5/2023 16:20
TR004,Duke Alexander von Habsburg,alexander.v@imperial.net,ducalPass321,+43 1 234 5678,Austrian,67,Active,4/18/2022 9:45,9/10/2023 11:10
TR005,Baroness Charlotte de Bourbon,charlotte.d@chateau.fr,frenchPass654,+33 1 23 45 67 89,French,29,Active,5/22/2022 16:30,10/15/2023 13:45
TR006,Lord Sebastian Ashworth,sebastian.a@manor.com,lordPass987,+44 20 7946 3456,British,51,Active,6/30/2022 13:10,11/20/2023 10:30
TR007,Princess Anastasia Romanov,anastasia.r@palace.ru,romanovPass135,+7 495 123 4567,Russian,38,Active,7/12/2022 8:20,12/5/2023 15:15
TR008,Marquis Jean-Luc Beaumont,jeanluc.b@villa.fr,beaumont246,+33 1 98 76 54 32,French,45,Active,8/25/2022 14:50,1/10/2023 12:40
TR009,Lady Victoria Kensington,victoria.k@estate.com,kensington369,+44 20 7946 4567,British,31,Active,9/3/2022 10:15,2/18/2023 14:25
TR010,Count Dmitri Orlov,dmitri.o@dacha.ru,orlovPass753,+7 812 987 6543,Russian,53,Inactive,10/19/2022 16:30,3/22/2023 11:50
TR011,Lady Beatrice Worthington,beatrice.w@manorhouse.com,worthyPass159,+44 20 7946 5678,British,27,Active,11/5/2022 9:45,4/15/2023 10:20
TR012,Baron Friedrich von Stein,friedrich.v@schloss.de,steinPass357,+49 30 1234 5678,German,62,Active,12/12/2022 14:20,5/30/2023 16:45
TR013,Duchess Maria Theresa,maria.t@habsburg.net,habsburg468,+43 1 987 6543,Austrian,40,Active,1/8/2023 11:10,6/22/2023 9:15
TR014,Lord Archibald Sinclair,archibald.s@castle.co.uk,sinclair579,+44 20 7946 6789,British,48,Inactive,2/14/2023 16:40,7/10/2023 14:30
TR015,Princess Sofia Petrova,sofia.p@winterpalace.ru,petrova246,+7 812 345 6789,Russian,33,Active,3/21/2023 10:25,8/18/2023 11:40
TR016,Viscount Charles Devereux,charles.d@chateau.fr,devPass680,+33 1 45 67 89 01,French,56,Active,4/5/2023 13:15,9/5/2023 15:20
TR017,Lady Genevieve Montclair,genevieve.m@villa.com,montclair791,+33 1 23 45 67 90,French,39,Active,5/17/2023 15:50,10/12/2023 10:10
TR018,Count Nikolai Volkov,nikolai.v@dacha.ru,volkov802,+7 495 987 6543,Russian,44,Active,6/22/2023 8:30,11/8/2023 14:45
TR019,Sir Henry Wilmington,henry.w@estate.co.uk,wilmington913,+44 20 7946 7890,British,50,Active,7/30/2023 12:45,12/15/2023 9:30
TR020,Baroness Elise von Bauer,elise.v@schloss.de,bauerPass024,+49 89 8765 4321,German,36,Active,8/14/2023 9:20,1/5/2024 16:20
TR021,Marquise Colette Duvall,colette.d@chateau.fr,duvall135,+33 1 54 32 10 98,French,41,Active,9/19/2023 14:10,2/10/2024 11:45
TR022,Lord Benjamin Ashbury,benjamin.a@manor.com,ashbury246,+44 20 7946 8901,British,47,Active,10/25/2023 10:55,3/18/2024 13:15
TR023,Princess Katarina Volkova,katarina.v@palace.ru,volkova357,+7 812 654 3210,Russian,32,Inactive,11/8/2023 16:20,4/5/2024 10:30
TR024,Duke Maximilian von Hohenzollern,maximilian.v@castle.de,hohenzollern468,+49 30 9876 5432,German,59,Active,12/12/2023 11:30,5/20/2024 14:50
TR025,Lady Penelope Fairfax,penelope.f@estate.com,fairfax579,+44 20 7946 9012,British,28,Active,1/15/2024 9:10,6/10/2024 16:10
TR026,Count Sergei Ivanov,sergei.i@dacha.ru,ivanov680,+7 495 876 5432,Russian,52,Active,2/20/2024 14:45,7/5/2024 11:25
TR027,Baroness Marguerite Lefevre,marguerite.l@villa.fr,lefevre791,+33 1 67 89 01 23,French,37,Active,3/5/2024 10:20,8/12/2024 9:40
TR028,Sir Edmund Blackwood,edmund.b@manorhouse.com,blackwood802,+44 20 7946 0123,British,63,Active,4/18/2024 13:35,9/15/2024 14:15
TR029,Princess Elena Volkonskaya,elena.v@winterpalace.ru,volkonskaya913,+7 812 789 0123,Russian,45,Active,5/22/2024 15:50,10/8/2024 10:50
TR030,Viscount Antoine de Valois,antoine.v@chateau.fr,valois024,+33 1 89 01 23 45,French,34,Active,6/30/2024 11:25,11/20/2024 13:30
TR031,Lady Georgiana Spencer,georgiana.s@castle.co.uk,spencer135,+44 20 7946 1234,British,29,Active,7/15/2024 9:40,12/5/2024 15:45
TR032,Count Wilhelm von Schmidt,wilhelm.v@schloss.de,schmidt246,+49 89 7654 3210,German,57,Active,8/20/2024 14:15,1/10/2025 11:20
TR033,Duchess Claudia von Habsburg,claudia.v@imperial.net,habsburg357,+43 1 765 4321,Austrian,42,Active,9/5/2024 10:50,2/15/2025 9:30
TR034,Lord Rupert Cavendish,rupert.c@estate.co.uk,cavendish468,+44 20 7946 2345,British,49,Inactive,10/12/2024 16:30,3/22/2025 14:40
TR035,Princess Natalia Sokolova,natalia.s@palace.ru,sokolova579,+7 495 765 4321,Russian,31,Active,11/18/2024 11:15,4/10/2025 16:25
TR036,Marquis Pierre de La Roche,pierre.d@villa.fr,laroche680,+33 1 45 67 89 12,French,54,Active,12/5/2024 13:45,5/18/2025 10:15
TR037,Lady Arabella Huntington,arabella.h@manor.com,huntington791,+44 20 7946 3456,British,38,Active,1/10/2025 9:20,6/5/2025 14:50
TR038,Baron Viktor Orlovsky,viktor.o@dacha.ru,orlovsky802,+7 812 876 5432,Russian,46,Active,2/15/2025 14:10,7/12/2025 11:30
TR039,Countess Isabelle de Montfort,isabelle.d@chateau.fr,montfort913,+33 1 23 45 67 89,French,43,Active,3/20/2025 10:40,8/15/2025 9:45
TR040,Sir Reginald Thorne,reginald.t@castle.co.uk,thorne024,+44 20 7946 4567,British,60,Active,4/5/2025 15:25,9/20/2025 16:10
TR041,Princess Irina Volkova,irina.v@winterpalace.ru,volkova135,+7 495 654 3210,Russian,35,Active,5/12/2025 11:50,10/5/2025 10:20
TR042,Duke Ferdinand von Hohenberg,ferdinand.v@castle.de,hohenberg246,+49 30 8765 4321,German,58,Active,6/18/2025 14:30,11/15/2025 13:45
TR043,Lady Victoria Ashworth,victoria.a@estate.com,ashworth357,+44 20 7946 5678,British,30,Active,7/22/2025 9:15,12/10/2025 15:30
TR044,Count Pavel Romanov,pavel.r@palace.ru,romanov468,+7 812 987 6543,Russian,53,Active,8/5/2025 16:40,1/5/2026 11:15
TR045,Baroness Sophie de Champagne,sophie.d@villa.fr,champagne579,+33 1 67 89 01 34,French,39,Active,9/10/2025 10:55,2/18/2026 14:20
TR046,Lord Alfred Waverly,alfred.w@manorhouse.com,waverly680,+44 20 7946 6789,British,47,Active,10/15/2025 13:20,3/22/2026 10:45
TR047,Princess Ekaterina Smirnova,ekaterina.s@dacha.ru,smirnova791,+7 495 543 2109,Russian,32,Active,11/20/2025 15:10,4/5/2026 16:30
TR048,Marquis Henri de La Tour,henri.d@chateau.fr,latour802,+33 1 89 01 23 56,French,55,Active,12/5/2025 11:45,5/10/2026 9:20
TR049,Lady Beatrice Worthington,beatrice.w@castle.co.uk,worthington913,+44 20 7946 7890,British,41,Active,1/10/2026 14:50,6/15/2026 12:40
TR050,Count Dmitri Sokolov,dmitri.s@winterpalace.ru,sokolov024,+7 812 345 6789,Russian,48,Active,2/15/2026 10:30,7/20/2026 15:10
