TripID,Title,TDescription,StartDate,EndDate,PricePerPersonInDollars,TripType,Capacity,DurationInDays,TStatus,CreatedAt,OperatorID
TP001,Alpine Majesty Tour,Experience the breathtaking Swiss Alps with luxury accommodations,6/15/2023,6/22/2023,3200,Luxury,12,7,Ended,1/10/2023 9:30,TO008
TP002,Cultural Odyssey: Japan,Immerse yourself in ancient traditions and modern wonders of Japan,9/1/2023,9/14/2023,4500,Cultural,20,14,Ended,2/15/2023 14:20,TO003
TP003,Amazon Rainforest Expedition,Guided adventure through the world's largest rainforest,11/5/2023,11/15/2023,2800,Adventure,8,10,Ended,3/20/2023 11:45,TO005
TP004,Italian Renaissance Journey,Art architecture and culinary delights through Florence and Rome,4/10/2024,4/20/2024,3800,Historical,15,10,Open To Register,5/5/2023 16:10,TO002
TP005,Bali Wellness Retreat,Rejuvenate with yoga spa treatments and volcanic landscapes,5/12/2024,5/19/2024,2700,Leisure,10,7,Open To Register,6/18/2023 10:25,TO007
TP006,Moroccan Caravan Adventure,Camel treks and luxury desert camps under Saharan stars,6/1/2024,6/10/2024,2950,Adventure,12,9,Open To Register,7/22/2023 13:40,TO004
TP007,Scandinavian Northern Lights,Chase auroras in Norway and Iceland with expert guides,1/5/2024,1/12/2024,4100,Group,18,7,Open To Register,8/30/2023 15:15,TO001
TP008,Scottish Highlands Explorer,Whisky tastings and castle stays in the misty Highlands,7/15/2024,7/22/2024,3350,Cultural,14,7,Open To Register,9/12/2023 9:50,TO006
TP009,Patagonia Wilderness Trek,Challenging hikes through Torres del Paine National Park,2/10/2024,2/20/2024,3600,Adventure,6,10,Open To Register,10/5/2023 14:30,TO009
TP010,Venice Carnival Extravaganza,Masquerade balls and historical celebrations,2/15/2024,2/22/2024,3900,Historical,16,7,Open To Register,11/18/2023 11:20,TO010
TP011,Safari Grande: Kenya & Tanzania,Luxury wildlife viewing in Maasai Mara and Serengeti,8/1/2024,8/10/2024,5200,Luxury,8,9,Open To Register,12/5/2023 16:45,TO003
TP012,Bhutan Himalayan Trek,Spiritual journey through monasteries and mountain passes,9/5/2024,9/18/2024,4800,Cultural,10,13,Open To Register,1/10/2024 10:15,TO005
TP013,Amalfi Coast Sailing,Private yacht tour of Italy's most picturesque coastline,6/20/2024,6/27/2024,6700,Luxury,6,7,Open To Register,2/15/2024 14:50,TO002
TP014,Trans-Siberian Railway,Epic train journey from Moscow to Vladivostok,7/1/2024,7/14/2024,5800,Group,20,14,Open To Register,3/20/2024 9:30,TO007
TP015,Greek Island Hopper,Discover Santorini Mykonos and Crete with local experts,5/5/2024,5/15/2024,4200,Leisure,15,10,Open To Register,4/5/2024 13:20,TO004
TP016,Antarctica Expedition,Once-in-a-lifetime cruise to the White Continent,12/10/2024,12/22/2024,8900,Adventure,50,12,Open To Register,5/12/2024 15:40,TO001
TP017,Rajasthan Royal Experience,Stay in palace hotels and explore India's vibrant culture,10/15/2024,10/25/2024,3800,Cultural,12,10,Open To Register,6/18/2024 11:10,TO008
TP018,New Zealand Adventure,Bungee jumping glacier hikes and Maori cultural experiences,11/1/2024,11/14/2024,5400,Adventure,10,13,Open To Register,7/22/2024 14:25,TO006
TP019,Paris Fashion Week,Behind-the-scenes access to shows and designer meet-and-greets,9/25/2024,10/2/2024,6200,Luxury,8,7,Open To Register,8/5/2024 10:50,TO009
TP020,Machu Picchu Mysteries,Ancient ruins and Andean culture with expert archaeologists,8/15/2024,8/25/2024,3600,Historical,14,10,Open To Register,9/10/2024 16:30,TO010
TP021,Kyoto Zen Experience,Temple stays and tea ceremonies in Japan's cultural heart,4/5/2024,4/12/2024,3800,Cultural,10,7,Open To Register,10/18/2023 11:20,TO003
TP022,African Photographic Safari,Professional wildlife photography tour in Botswana,6/10/2024,6/20/2024,7200,Luxury,6,10,Open To Register,11/5/2023 14:35,TO005
TP023,Danube River Cruise,Elegant sailing through Budapest Vienna and Bratislava,7/5/2024,7/15/2024,4900,Leisure,40,10,Open To Register,12/12/2023 9:45,TO002
TP024,Inca Trail Expedition,4-day trek to Machu Picchu with expert guides,8/1/2024,8/5/2024,1850,Adventure,12,4,Open To Register,1/15/2024 16:20,TO009
TP025,Dubai Luxury Escape,7-star hotels desert safaris and Burj Khalifa access,9/10/2024,9/17/2024,5800,Luxury,8,7,Open To Register,2/20/2024 10:10,TO007
TP026,Canadian Rockies Adventure,Hiking and wildlife in Banff and Jasper National Parks,5/20/2024,5/30/2024,3200,Adventure,15,10,Open To Register,3/5/2024 13:40,TO004
TP027,Vienna Music Festival,Premium seats for classical concerts and backstage access,6/25/2024,7/2/2024,4100,Cultural,12,7,Open To Register,4/10/2024 15:25,TO001
TP028,Maldives Overwater Paradise,Private villas and coral reef snorkeling,10/5/2024,10/12/2024,6300,Luxury,10,7,Open To Register,5/18/2024 11:50,TO008
TP029,Silk Road Caravan,Follow ancient trade routes from Uzbekistan to China,8/20/2024,9/5/2024,7500,Historical,8,16,Open To Register,6/22/2024 14:15,TO006
TP030,Costa Rica Eco-Tour,Sustainable travel through rainforests and volcanoes,11/15/2024,11/25/2024,2900,Adventure,14,10,Open To Register,7/30/2024 10:40,TO010
TP031,Oktoberfest Celebration,VIP tents and brewery tours in Munich,9/20/2024,9/27/2024,3500,Group,25,7,Open To Register,8/5/2024 16:30,TO003
TP032,Egyptian Pharaohs Tour,Pyramids Nile cruise and Valley of the Kings,12/1/2024,12/10/2024,4200,Historical,18,9,Open To Register,9/12/2024 9:20,TO005
TP033,Swiss Alps Ski Retreat,Luxury chalet with private ski instructors,1/10/2025,1/17/2025,5400,Luxury,8,7,Open To Register,10/18/2024 14:50,TO002
TP034,Bali Surf & Yoga,World-class waves and daily meditation sessions,2/5/2025,2/15/2025,2700,Leisure,12,10,Open To Register,11/22/2024 11:15,TO007
TP035,Gal�pagos Islands Cruise,Unique wildlife encounters with naturalist guides,3/15/2025,3/25/2025,6800,Adventure,16,10,Open To Register,12/5/2024 15:40,TO004
TP036,Tuscany Wine Harvest,Grape picking and wine tasting at boutique vineyards,9/10/2025,9/17/2025,3900,Cultural,10,7,Open To Register,1/10/2025 10:25,TO001
TP037,Transylvania Castle Tour,Gothic castles and Dracula lore in Romania,4/20/2025,4/27/2025,3100,Historical,14,7,Open To Register,2/15/2025 13:20,TO009
TP038,Seychelles Island Hopping,Pristine beaches and giant tortoise encounters,5/5/2025,5/15/2025,5200,Luxury,8,10,Open To Register,3/22/2025 16:45,TO008
TP039,Patagonia Glacier Trek,Ice hiking and penguin colonies in Argentina,6/10/2025,6/20/2025,4500,Adventure,6,10,Open To Register,4/5/2025 9:30,TO006
TP040,Istanbul Bazaar Adventure,Spice markets and Ottoman palace tours,7/15/2025,7/22/2025,3300,Cultural,15,7,Open To Register,5/18/2025 14:10,TO010
TP041,Monaco Grand Prix Experience,VIP passes and yacht parties during the famous race,5/20/2025,5/25/2025,8900,Luxury,6,5,Open To Register,6/22/2025 11:50,TO003
TP042,Vietnam Foodie Trail,Street food tours and cooking classes from Hanoi to Ho Chi Minh,8/1/2025,8/14/2025,3600,Cultural,12,13,Open To Register,7/30/2025 15:20,TO005
TP043,Norwegian Fjords Expedition,Kayaking and hiking through spectacular Arctic landscapes,9/5/2025,9/15/2025,5100,Adventure,10,10,Open To Register,8/5/2025 10:45,TO002
TP044,Santorini Sunset Luxury,Private villas with caldera views and yacht excursions,10/10/2025,10/17/2025,5700,Luxury,8,7,Open To Register,9/12/2025 14:30,TO007
TP045,Scottish Whisky Trail,Distillery tours and tastings across the Highlands,11/15/2025,11/22/2025,3800,Cultural,12,7,Open To Register,10/18/2025 9:15,TO004
TP046,Amazon Riverboat Journey,Wildlife spotting on a traditional river vessel,1/5/2026,1/15/2026,4200,Adventure,14,10,Open To Register,11/22/2025 16:40,TO001
TP047,Rajasthan Palace Stay,Live like royalty in heritage hotels with elephant safaris,2/10/2026,2/20/2026,4600,Luxury,10,10,Open To Register,12/5/2025 11:25,TO009
TP048,Antarctic Photography Cruise,Small-ship expedition with photography workshops,3/15/2026,3/27/2026,9500,Adventure,30,12,Open To Register,1/10/2026 14:50,TO008
TP049,Provence Lavender Tour,Cycling through fragrant fields and medieval villages,6/20/2026,6/27/2026,3400,Leisure,15,7,Open To Register,2/15/2026 10:30,TO006
TP050,Tokyo Tech & Tradition,Cutting-edge technology experiences blended with ancient culture,4/5/2026,4/15/2026,5300,Cultural,12,10,Open To Register,3/22/2026 13:15,TO010
