ProviderID,SPName,SPType,Email,SPPassword,OnTimePerformance,AverageRating,RegistrationDate,LastLogin,MaxCapacity,AvailableCapacity
SP001,The Royal Palace Hotel,Hotel,stay@royalpalacehotel.com,Palace123,98.5,4.8,3/15/2020 10:20,6/18/2023 14:30,200,45
SP002,Imperial Limousines,Transport,rides@imperiallimo.com,Imperial456,95.2,4.7,4/10/2020 14:45,7/22/2023 11:15,12,5
SP003,Golden Compass Guides,Guide,guides@goldencompass.com,Compass789,,4.9,5/5/2020 9:30,8/30/2023 16:20,15,8
SP004,Sapphire Resort,Hotel,bookings@sapphireresort.com,Sapphire321,96.8,4.6,6/20/2020 16:10,9/15/2023 10:45,150,22
SP005,Crown Chauffeurs,Transport,drive@crownchauffeurs.com,Crown654,97.3,4.8,7/12/2020 11:25,10/5/2023 14:15,20,7
SP006,Heritage Tour Experts,Guide,info@heritageexperts.com,Heritage987,,4.7,8/25/2020 13:40,11/12/2023 9:50,10,3
SP007,The Grand Marquee,Hotel,reservations@grandmarquee.com,Marquee135,95.6,4.9,9/18/2020 15:20,12/18/2023 16:30,180,32
SP008,Platinum Air Charter,Transport,fly@platinumair.com,Platinum246,99.1,4.8,10/5/2020 10:15,1/5/2024 11:25,8,2
SP009,Ancient Wonders Guides,Guide,tours@ancientwonders.com,Ancient357,,4.6,11/22/2020 14:50,2/20/2024 14:40,12,5
SP010,The Regal Suites,Hotel,book@regalsuites.com,Regal468,97.9,4.7,12/10/2020 9:45,3/15/2024 10:15,120,18
SP011,Diamond Coach Services,Transport,travel@diamondcoach.com,Diamond579,96.2,4.5,1/15/2021 16:30,4/22/2024 13:50,30,10
SP012,Culinary Tour Masters,Guide,eat@culinarymasters.com,Culinary680,,4.9,2/20/2021 11:10,5/30/2024 15:20,8,2
SP013,The Noble Residence,Hotel,stay@nobleresidence.com,Noble791,98.4,4.8,3/5/2021 14:25,6/18/2024 9:30,90,12
SP014,First Class Transfers,Transport,book@firstclasstransfers.com,First802,95.7,4.7,4/18/2021 10:40,7/5/2024 16:45,15,4
SP015,Wildlife Safari Guides,Guide,safari@wildlifeguides.com,Wildlife913,,4.6,5/22/2021 13:15,8/12/2024 11:10,6,1
SP016,The Imperial Towers,Hotel,info@imperialtowers.com,Imperial024,96.5,4.9,6/30/2021 9:20,9/15/2024 14:25,250,50
SP017,Royal Yacht Charters,Transport,sail@royalyacht.com,Yacht135,97.8,4.8,7/15/2021 16:45,10/8/2024 10:50,4,1
SP018,Art History Experts,Guide,art@historyexperts.com,Art246,,4.7,8/20/2021 11:30,11/20/2024 15:15,10,3
SP019,The Grand Monarch Hotel,Hotel,reservations@grandmonarch.com,Monarch357,98.2,4.6,9/5/2021 14:10,12/5/2024 9:40,175,28
SP020,Elite Airport Transfers,Transport,transfer@eliteairport.com,Elite468,99.5,4.9,10/12/2021 10:25,1/10/2025 16:20,25,8
SP021,Wine Country Guides,Guide,tours@winecountryguides.com,Wine579,,4.8,11/18/2021 15:50,2/15/2025 11:30,8,2
SP022,The Sapphire Palace,Hotel,book@sapphirepalace.com,Sapphire680,95.9,4.7,12/5/2021 9:15,3/22/2025 14:45,140,20
SP023,Luxe Coach Network,Transport,ride@luxecoach.com,Luxe791,96.4,4.6,1/10/2022 13:40,4/5/2025 10:10,18,5
SP024,Mountain Expedition Guides,Guide,climb@mountainguides.com,Mountain802,,4.9,2/15/2022 16:20,5/18/2025 15:30,5,1
SP025,The Crown Plaza,Hotel,stay@crownplaza.com,Crown913,97.3,4.8,3/22/2022 10:55,6/10/2025 9:25,220,42
SP026,Executive Car Services,Transport,drive@executivecars.com,Executive024,98.6,4.7,4/5/2022 14:30,7/15/2025 16:50,10,3
SP027,Cultural Immersion Guides,Guide,experience@culturalguides.com,Cultural135,,4.6,5/18/2022 11:45,8/20/2025 11:40,12,4
SP028,The Regent Grand,Hotel,book@regentgrand.com,Regent246,96.7,4.9,6/22/2022 9:10,9/5/2025 14:15,160,25
SP029,First Class Rail,Transport,travel@firstclassrail.com,Rail357,95.8,4.8,7/30/2022 15:25,10/12/2025 10:30,50,15
SP030,Photography Tour Guides,Guide,shoot@photoguides.com,Photo468,,4.7,8/14/2022 12:50,11/18/2025 15:20,6,1
SP031,The Noble Grand,Hotel,reservations@noblegrand.com,Noble579,98.1,4.6,9/5/2022 10:35,12/5/2025 9:50,110,16
SP032,VIP Helicopter Services,Transport,fly@viphelicopters.com,VIP680,99.2,4.9,10/18/2022 14:15,1/10/2026 16:40,3,1
SP033,Architectural Tour Experts,Guide,tours@architectureguides.com,Arch791,,4.8,11/22/2022 11:20,2/15/2026 11:25,8,2
SP034,The Imperial Gardens,Hotel,stay@imperialgardens.com,Gardens802,97.5,4.7,12/5/2022 16:40,3/22/2026 14:50,95,10
SP035,Luxury Bus Network,Transport,travel@luxurybus.com,Luxury913,96.9,4.6,1/10/2023 9:25,4/5/2026 10:15,40,12
SP036,Wine & Dine Guides,Guide,gourmet@winedineguides.com,Gourmet024,,4.9,2/15/2023 13:50,5/18/2026 15:30,10,3
SP037,The Royal Vista,Hotel,book@royalvista.com,Vista135,98.3,4.8,3/20/2023 10:10,6/10/2026 9:20,130,22
SP038,Black Car Services,Transport,ride@blackcars.com,Black246,97.2,4.7,4/5/2023 15:45,7/15/2026 16:30,12,4
SP039,Historical Reenactment Guides,Guide,history@reenactmentguides.com,Reenact357,,4.6,5/18/2023 11:30,8/20/2026 11:45,15,5
SP040,The Grand Sapphire,Hotel,stay@grandsapphire.com,Grand468,96.1,4.9,6/22/2023 14:20,9/5/2026 14:10,210,38
SP041,Luxury Water Taxis,Transport,sail@luxurywatertaxis.com,Water579,95.4,4.8,7/30/2023 9:50,10/12/2026 10:40,6,2
SP042,Music Festival Guides,Guide,festivals@musicguides.com,Music680,,4.7,8/14/2023 16:35,11/18/2026 15:50,8,1
SP043,The Regal Orchid,Hotel,book@regalorchid.com,Orchid791,98.7,4.6,9/5/2023 10:45,12/5/2026 9:30,85,12
SP044,Executive Jet Services,Transport,fly@executivejets.com,Jet802,99.3,4.9,10/18/2023 13:15,1/10/2027 16:20,2,0
SP045,Literary Tour Guides,Guide,books@literaryguides.com,Literary913,,4.8,11/22/2023 11:40,2/15/2027 11:35,6,2
SP046,The Noble Heights,Hotel,stay@nobleheights.com,Heights024,97.8,4.7,12/5/2023 15:20,3/22/2027 14:55,180,30
SP047,Vintage Car Tours,Transport,drive@vintagecartours.com,Vintage135,96.3,4.6,1/10/2024 9:15,4/5/2027 10:25,8,3
SP048,Culinary History Guides,Guide,cook@culinaryhistory.com,Cook246,,4.9,2/15/2024 14:50,5/18/2027 15:40,10,3
SP049,The Imperial Harbor,Hotel,book@imperialharbor.com,Harbor357,98.9,4.8,3/20/2024 10:30,6/10/2027 9:10,150,25
SP050,Luxury RV Rentals,Transport,travel@luxuryrv.com,RV468,95.7,4.7,4/5/2024 16:55,7/15/2027 16:35,5,2
