OperatorID,CompanyName,Email,TOPassword,Phone,Rating,RegistrationDate,LastLogin
TO001,Royal Expeditions Ltd.,contact@royalexpeditions.com,RegalPass123,+44 20 7123 4567,4.8,1/15/2020 9:30,6/20/2023 14:25
TO002,Imperial Journeys,info@imperialjourneys.com,Imperial456,+44 20 7123 5678,4.6,2/10/2020 11:15,7/12/2023 10:30
TO003,Crown Adventures,enquiries@crownadventures.com,Crown789,+44 20 7123 6789,4.9,3/5/2020 14:20,8/5/2023 15:20
TO004,Noble Travel Group,sales@nobletravel.com,Noble321,+44 20 7123 7890,4.5,4/18/2020 10:45,9/10/2023 12:10
TO005,Sovereign Tours,book@sovereigntours.com,Sovereign654,+44 20 7123 8901,4.7,5/22/2020 16:30,10/15/2023 14:45
TO006,Monarch Excursions,hello@monarchexcursions.com,Monarch987,+44 20 7123 9012,4.4,6/30/2020 13:10,11/20/2023 11:30
TO007,Regal Voyages,support@regalvoyages.com,Regal135,+44 20 7123 0123,4.8,7/12/2020 8:20,12/5/2023 16:15
TO008,Aristocrat Travel,info@aristocrat-travel.com,Aristocrat246,+44 20 7123 1234,2.6,8/25/2020 14:50,1/10/2024 13:40
TO009,Grandeur Getaways,bookings@grandeurgetaways.com,Grandeur369,+44 20 7123 2345,2.9,9/3/2020 10:15,2/18/2024 15:25
TO010,Majestic Horizons,travel@majestichorizons.com,Majestic480,+44 20 7123 3456,2.7,10/19/2020 16:30,3/22/2024 12:50
TO011,Elite Kingdom Tours,tours@elitekingdom.com,Elite582,+44 20 7123 4567,2.5,11/5/2020 9:45,4/15/2024 11:20
TO012,Blueblood Adventures,explore@bluebloodadventures.com,Blueblood693,+44 20 7123 5678,2.8,12/12/2020 14:20,5/30/2024 17:45
TO013,Dynasty Discoveries,discover@dynastydiscoveries.com,Dynasty714,+44 20 7123 6789,2.6,1/8/2021 11:10,6/22/2024 10:15
TO014,Imperial Majesty Travel,journeys@imperialmajesty.com,Imperial825,+44 20 7123 7890,2.9,2/14/2021 16:40,7/10/2024 15:30
TO015,Crown Jewel Expeditions,info@crownjewelexpeditions.com,Jewel936,+44 20 7123 8901,4.7,3/21/2021 10:25,8/18/2024 12:40
TO016,Noble Heritage Tours,book@nobleheritage.com,Heritage147,+44 20 7123 9012,4.5,4/5/2021 13:15,9/5/2024 16:20
TO017,Regal Compass Travel,enquiries@regalcompass.com,Compass258,+44 20 7123 0123,4.8,5/17/2021 15:50,10/12/2024 11:10
TO018,Sovereign Destinations,travel@sovereigndestinations.com,Sovereign369,+44 20 7123 1234,4.6,6/22/2021 8:30,11/8/2024 15:45
TO019,Grand Monarch Journeys,journeys@grandmonarch.com,Monarch470,+44 20 7123 2345,4.9,7/30/2021 12:45,12/15/2024 10:30
TO020,Aristocrat Expeditions,explore@aristocratexpeditions.com,Aristocrat581,+44 20 7123 3456,4.7,8/14/2021 9:20,1/5/2025 17:20
TO021,Imperial Crown Vacations,vacations@imperialcrown.com,Crown692,+44 20 7123 4567,4.5,9/19/2021 14:10,2/10/2025 12:45
TO022,Royal Scepter Tours,tours@royalscepter.com,Scepter703,+44 20 7123 5678,4.8,10/25/2021 10:55,3/18/2025 14:15
TO023,Noble Odyssey Travel,odyssey@nobletravel.com,Odyssey814,+44 20 7123 6789,4.6,11/8/2021 16:20,4/5/2025 11:30
TO024,Regal Heritage Adventures,adventures@regalheritage.com,Heritage925,+44 20 7123 7890,4.9,12/12/2021 11:30,5/20/2025 15:50
TO025,Sovereign Grand Tours,grand@sovereigntours.com,Grand036,+44 20 7123 8901,4.7,1/15/2022 9:10,6/10/2025 17:10
TO026,Majestic Compass Expeditions,compass@majesticexpeditions.com,Majestic147,+44 20 7123 9012,4.5,2/20/2022 14:45,7/5/2025 12:25
TO027,Crown & Anchor Travel,anchor@crownandanchor.com,Anchor258,+44 20 7123 0123,4.8,3/5/2022 10:20,8/12/2025 10:40
TO028,Imperial Grandeur Journeys,grandeur@imperialjourneys.com,Grandeur369,+44 20 7123 1234,4.6,4/18/2022 13:35,9/15/2025 15:15
TO029,Noble Scepter Vacations,vacations@noblescepter.com,Scepter470,+44 20 7123 2345,4.9,5/22/2022 15:50,10/8/2025 11:50
TO030,Regal Odyssey Adventures,odyssey@regaladventures.com,Odyssey581,+44 20 7123 3456,4.7,6/30/2022 11:25,11/20/2025 14:30
TO031,Sovereign Heritage Tours,heritage@sovereigntours.com,Heritage692,+44 20 7123 4567,4.5,7/15/2022 9:40,12/5/2025 16:45
TO032,Majestic Crown Expeditions,crown@majesticexpeditions.com,Crown703,+44 20 7123 5678,4.8,8/20/2022 14:15,1/10/2026 12:20
TO033,Imperial Noble Travel,noble@imperialtravel.com,Noble814,+44 20 7123 6789,4.6,9/5/2022 10:50,2/15/2026 10:30
TO034,Royal Grandeur Getaways,grandeur@royalgetaways.com,Grandeur925,+44 20 7123 7890,4.9,10/12/2022 16:30,3/22/2026 15:40
TO035,Crown & Compass Adventures,compass@crownadventures.com,Compass036,+44 20 7123 8901,4.7,11/18/2022 11:15,4/10/2026 17:25
TO036,Sovereign Odyssey Journeys,odyssey@sovereignjourneys.com,Odyssey147,+44 20 7123 9012,4.5,12/5/2022 13:45,5/18/2026 11:15
TO037,Regal Scepter Expeditions,scepter@regalexpeditions.com,Scepter258,+44 20 7123 0123,4.8,1/10/2023 9:20,6/5/2026 15:50
TO038,Noble Majesty Travel,majesty@nobletravel.com,Majesty369,+44 20 7123 1234,4.6,2/15/2023 14:10,7/12/2026 12:30
TO039,Imperial Heritage Vacations,heritage@imperialvacations.com,Heritage470,+44 20 7123 2345,4.9,3/20/2023 10:40,8/15/2026 10:45
TO040,Royal Sovereign Tours,sovereign@royaltours.com,Sovereign581,+44 20 7123 3456,4.7,4/5/2023 15:25,9/20/2026 17:10
TO041,Crown Grand Adventures,grand@crownadventures.com,Grand692,+44 20 7123 4567,4.5,5/12/2023 11:50,10/5/2026 11:20
TO042,Majestic Odyssey Travel,odyssey@majestictravel.com,Odyssey703,+44 20 7123 5678,4.8,6/18/2023 14:30,11/15/2026 14:45
TO043,Imperial Compass Journeys,compass@imperialjourneys.com,Compass814,+44 20 7123 6789,4.6,7/22/2023 9:15,12/10/2026 16:30
TO044,Noble Crown Expeditions,crown@nobleexpeditions.com,Crown925,+44 20 7123 7890,4.9,8/5/2023 16:40,1/5/2027 12:15
TO045,Regal Heritage Vacations,heritage@regalvacations.com,Heritage036,+44 20 7123 8901,4.7,9/10/2023 10:55,2/18/2027 15:20
TO046,Sovereign Majesty Tours,majesty@sovereigntours.com,Majesty147,+44 20 7123 9012,4.5,10/15/2023 13:20,3/22/2027 11:45
TO047,Crown Odyssey Adventures,odyssey@crownadventures.com,Odyssey258,+44 20 7123 0123,4.8,11/20/2023 15:10,4/5/2027 17:30
TO048,Imperial Scepter Travel,scepter@imperialtravel.com,Scepter369,+44 20 7123 1234,4.6,12/5/2023 11:45,5/10/2027 10:20
TO049,Royal Noble Journeys,noble@royaljourneys.com,Noble470,+44 20 7123 2345,4.9,1/10/2024 14:50,6/15/2027 13:40
TO050,Grand Sovereign Expeditions,sovereign@grandexpeditions.com,Sovereign581,+44 20 7123 3456,4.7,2/15/2024 10:30,7/20/2027 16:10
